# name	width	height	palette	feature
decor_boots	16	16	.BW	decor
decor_capsule	96	48	.LTW	decor
decor_crater	24	8	.DKN	decor
decor_dragonball	16	16	.OR	decor
decor_dragonballs	32	32	.ORT	decor
decor_gravity	96	48	.KRTW	decor
decor_halo	12	5	.M	decor
decor_hell	96	48	DKR	decor
decor_kame	96	48	.ELRTW	decor
decor_kingkai	96	48	.ERTW	decor
decor_korin	96	48	.TW	decor
decor_lookout	96	48	.TW	decor
decor_moon	32	32	.DM	decor
decor_move_big_bang	20	20	.X	decor
decor_move_death_ball	20	20	.X	decor
decor_move_death_beam	32	4	.X	decor
decor_move_destructo_disc	20	20	.X	decor
decor_move_final_flash	32	16	.X	decor
decor_move_galick_gun	32	8	.X	decor
decor_move_hellzone	8	8	.X	decor
decor_move_kaioken	32	32	.X	decor
decor_move_kamehameha	32	8	.X	decor
decor_move_light_grenade	20	20	.X	decor
decor_move_scattering	6	6	.X	decor
decor_move_solar_flare	32	32	.X	decor
decor_move_special_beam	32	8	.X	decor
decor_move_spirit_bomb	24	24	.X	decor
decor_move_supernova	32	32	.X	decor
decor_namek	96	48	ELT	decor
decor_radar	16	16	.EKW	decor
decor_satancity	96	48	.STW	decor
decor_shenron	96	48	.EKRW	decor
decor_ship	96	48	.LRW	decor
decor_timechamber	96	48	KTW	decor
decor_tree_ace	32	32	.ET	decor
decor_tree_gremlin	32	32	.DN	decor
decor_tree_ok	32	32	.ET	decor
decor_trophy_chamber	16	16	.MT	decor
decor_trophy_kame	16	16	.LRTW	decor
decor_trophy_korin	16	16	.TW	decor
decor_trophy_lookout	16	16	.TW	decor
decor_waterfall	96	48	.LT	decor
decor_westcity	96	48	.LTW	decor
emote_bored	16	16	png	emote
emote_dirty	16	16	png	emote
emote_hungry	16	16	png	emote
emote_nervous	16	16	.LW	emote
emote_sad	16	16	png	emote
emote_sleepy	16	16	png	emote
emote_stunned	16	16	png	emote
frieza_adult_ace_climb_a	16	16	.BKOSW	frieza
frieza_adult_ace_climb_a_g0	16	16	.BKOSW	frieza
frieza_adult_ace_climb_a_g1	16	16	.BKOSW	frieza
frieza_adult_ace_climb_a_g3	16	16	.BKOSW	frieza
frieza_adult_ace_climb_a_g4	16	16	.BKOSW	frieza
frieza_adult_ace_climb_b	16	16	.BKOSW	frieza
frieza_adult_ace_climb_b_g0	16	16	.BKOSW	frieza
frieza_adult_ace_climb_b_g1	16	16	.BKOSW	frieza
frieza_adult_ace_climb_b_g3	16	16	.BKOSW	frieza
frieza_adult_ace_climb_b_g4	16	16	.BKOSW	frieza
frieza_adult_ace_eat_a	16	16	.BKMOSWX	frieza
frieza_adult_ace_eat_a_g0	16	16	.BKMOSWX	frieza
frieza_adult_ace_eat_a_g1	16	16	.BKMOSWX	frieza
frieza_adult_ace_eat_a_g3	16	16	.BKMOSWX	frieza
frieza_adult_ace_eat_a_g4	16	16	.BKMOSWX	frieza
frieza_adult_ace_eat_b	16	16	.BKMOSWX	frieza
frieza_adult_ace_eat_b_g0	16	16	.BKMOSWX	frieza
frieza_adult_ace_eat_b_g1	16	16	.BKMOSWX	frieza
frieza_adult_ace_eat_b_g3	16	16	.BKMOSWX	frieza
frieza_adult_ace_eat_b_g4	16	16	.BKMOSWX	frieza
frieza_adult_ace_idle_a	16	16	.BKOSW	frieza
frieza_adult_ace_idle_a_g0	16	16	.BKOSW	frieza
frieza_adult_ace_idle_a_g1	16	16	.BKOSW	frieza
frieza_adult_ace_idle_a_g3	16	16	.BKOSW	frieza
frieza_adult_ace_idle_a_g4	16	16	.BKOSW	frieza
frieza_adult_ace_idle_b	16	16	.BKOSW	frieza
frieza_adult_ace_idle_b_g0	16	16	.BKOSW	frieza
frieza_adult_ace_idle_b_g1	16	16	.BKOSW	frieza
frieza_adult_ace_idle_b_g3	16	16	.BKOSW	frieza
frieza_adult_ace_idle_b_g4	16	16	.BKOSW	frieza
frieza_adult_ace_sleep_a	16	16	.BKMOW	frieza
frieza_adult_ace_sleep_a_g0	16	16	.BKMOW	frieza
frieza_adult_ace_sleep_a_g1	16	16	.BKMOW	frieza
frieza_adult_ace_sleep_a_g3	16	16	.BKMOW	frieza
frieza_adult_ace_sleep_a_g4	16	16	.BKMOW	frieza
frieza_adult_ace_sleep_b	16	16	.BKMOW	frieza
frieza_adult_ace_sleep_b_g0	16	16	.BKMOW	frieza
frieza_adult_ace_sleep_b_g1	16	16	.BKMOW	frieza
frieza_adult_ace_sleep_b_g3	16	16	.BKMOW	frieza
frieza_adult_ace_sleep_b_g4	16	16	.BKMOW	frieza
frieza_adult_ace_walk_a	16	16	.BKOSW	frieza
frieza_adult_ace_walk_a_g0	16	16	.BKOSW	frieza
frieza_adult_ace_walk_a_g1	16	16	.BKOSW	frieza
frieza_adult_ace_walk_a_g3	16	16	.BKOSW	frieza
frieza_adult_ace_walk_a_g4	16	16	.BKOSW	frieza
frieza_adult_ace_walk_b	16	16	.BKOSW	frieza
frieza_adult_ace_walk_b_g0	16	16	.BKOSW	frieza
frieza_adult_ace_walk_b_g1	16	16	.BKOSW	frieza
frieza_adult_ace_walk_b_g3	16	16	.BKOSW	frieza
frieza_adult_ace_walk_b_g4	16	16	.BKOSW	frieza
frieza_adult_gremlin_climb_a	16	16	.BKORSW	frieza
frieza_adult_gremlin_climb_a_g0	16	16	.BKORSW	frieza
frieza_adult_gremlin_climb_a_g1	16	16	.BKORSW	frieza
frieza_adult_gremlin_climb_a_g3	16	16	.BKORSW	frieza
frieza_adult_gremlin_climb_a_g4	16	16	.BKORSW	frieza
frieza_adult_gremlin_climb_b	16	16	.BKORSW	frieza
frieza_adult_gremlin_climb_b_g0	16	16	.BKORSW	frieza
frieza_adult_gremlin_climb_b_g1	16	16	.BKORSW	frieza
frieza_adult_gremlin_climb_b_g3	16	16	.BKORSW	frieza
frieza_adult_gremlin_climb_b_g4	16	16	.BKORSW	frieza
frieza_adult_gremlin_eat_a	16	16	.BKMORSWX	frieza
frieza_adult_gremlin_eat_a_g0	16	16	.BKMORSWX	frieza
frieza_adult_gremlin_eat_a_g1	16	16	.BKMORSWX	frieza
frieza_adult_gremlin_eat_a_g3	16	16	.BKMORSWX	frieza
frieza_adult_gremlin_eat_a_g4	16	16	.BKMORSWX	frieza
frieza_adult_gremlin_eat_b	16	16	.BKMORSWX	frieza
frieza_adult_gremlin_eat_b_g0	16	16	.BKMORSWX	frieza
frieza_adult_gremlin_eat_b_g1	16	16	.BKMORSWX	frieza
frieza_adult_gremlin_eat_b_g3	16	16	.BKMORSWX	frieza
frieza_adult_gremlin_eat_b_g4	16	16	.BKMORSWX	frieza
frieza_adult_gremlin_idle_a	16	16	.BKORSW	frieza
frieza_adult_gremlin_idle_a_g0	16	16	.BKORSW	frieza
frieza_adult_gremlin_idle_a_g1	16	16	.BKORSW	frieza
frieza_adult_gremlin_idle_a_g3	16	16	.BKORSW	frieza
frieza_adult_gremlin_idle_a_g4	16	16	.BKORSW	frieza
frieza_adult_gremlin_idle_b	16	16	.BKORSW	frieza
frieza_adult_gremlin_idle_b_g0	16	16	.BKORSW	frieza
frieza_adult_gremlin_idle_b_g1	16	16	.BKORSW	frieza
frieza_adult_gremlin_idle_b_g3	16	16	.BKORSW	frieza
frieza_adult_gremlin_idle_b_g4	16	16	.BKORSW	frieza
frieza_adult_gremlin_sleep_a	16	16	.BKORSW	frieza
frieza_adult_gremlin_sleep_a_g0	16	16	.BKORSW	frieza
frieza_adult_gremlin_sleep_a_g1	16	16	.BKORSW	frieza
frieza_adult_gremlin_sleep_a_g3	16	16	.BKORSW	frieza
frieza_adult_gremlin_sleep_a_g4	16	16	.BKORSW	frieza
frieza_adult_gremlin_sleep_b	16	16	.BKORSW	frieza
frieza_adult_gremlin_sleep_b_g0	16	16	.BKORSW	frieza
frieza_adult_gremlin_sleep_b_g1	16	16	.BKORSW	frieza
frieza_adult_gremlin_sleep_b_g3	16	16	.BKORSW	frieza
frieza_adult_gremlin_sleep_b_g4	16	16	.BKORSW	frieza
frieza_adult_gremlin_walk_a	16	16	.BKORSW	frieza
frieza_adult_gremlin_walk_a_g0	16	16	.BKORSW	frieza
frieza_adult_gremlin_walk_a_g1	16	16	.BKORSW	frieza
frieza_adult_gremlin_walk_a_g3	16	16	.BKORSW	frieza
frieza_adult_gremlin_walk_a_g4	16	16	.BKORSW	frieza
frieza_adult_gremlin_walk_b	16	16	.BKORSW	frieza
frieza_adult_gremlin_walk_b_g0	16	16	.BKORSW	frieza
frieza_adult_gremlin_walk_b_g1	16	16	.BKORSW	frieza
frieza_adult_gremlin_walk_b_g3	16	16	.BKORSW	frieza
frieza_adult_gremlin_walk_b_g4	16	16	.BKORSW	frieza
frieza_adult_ok_climb_a	16	16	.BDKPSW	frieza
frieza_adult_ok_climb_a_g0	16	16	.BDKPSW	frieza
frieza_adult_ok_climb_a_g1	16	16	.BDKPSW	frieza
frieza_adult_ok_climb_a_g3	16	16	.BDKPSW	frieza
frieza_adult_ok_climb_a_g4	16	16	.BDKPSW	frieza
frieza_adult_ok_climb_b	16	16	.BDKPSW	frieza
frieza_adult_ok_climb_b_g0	16	16	.BDKPSW	frieza
frieza_adult_ok_climb_b_g1	16	16	.BDKPSW	frieza
frieza_adult_ok_climb_b_g3	16	16	.BDKPSW	frieza
frieza_adult_ok_climb_b_g4	16	16	.BDKPSW	frieza
frieza_adult_ok_eat_a	16	16	.BDKMPSWX	frieza
frieza_adult_ok_eat_a_g0	16	16	.BDKMPSWX	frieza
frieza_adult_ok_eat_a_g1	16	16	.BDKMPSWX	frieza
frieza_adult_ok_eat_a_g3	16	16	.BDKMPSWX	frieza
frieza_adult_ok_eat_a_g4	16	16	.BDKMPSWX	frieza
frieza_adult_ok_eat_b	16	16	.BDKMPSWX	frieza
frieza_adult_ok_eat_b_g0	16	16	.BDKMPSWX	frieza
frieza_adult_ok_eat_b_g1	16	16	.BDKMPSWX	frieza
frieza_adult_ok_eat_b_g3	16	16	.BDKMPSWX	frieza
frieza_adult_ok_eat_b_g4	16	16	.BDKMPSWX	frieza
frieza_adult_ok_idle_a	16	16	.BDKPSW	frieza
frieza_adult_ok_idle_a_g0	16	16	.BDKPSW	frieza
frieza_adult_ok_idle_a_g1	16	16	.BDKPSW	frieza
frieza_adult_ok_idle_a_g3	16	16	.BDKPSW	frieza
frieza_adult_ok_idle_a_g4	16	16	.BDKPSW	frieza
frieza_adult_ok_idle_b	16	16	.BDKPSW	frieza
frieza_adult_ok_idle_b_g0	16	16	.BDKPSW	frieza
frieza_adult_ok_idle_b_g1	16	16	.BDKPSW	frieza
frieza_adult_ok_idle_b_g3	16	16	.BDKPSW	frieza
frieza_adult_ok_idle_b_g4	16	16	.BDKPSW	frieza
frieza_adult_ok_sleep_a	16	16	.BDKMOPW	frieza
frieza_adult_ok_sleep_a_g0	16	16	.BDKMOPW	frieza
frieza_adult_ok_sleep_a_g1	16	16	.BDKMOPW	frieza
frieza_adult_ok_sleep_a_g3	16	16	.BDKMOPW	frieza
frieza_adult_ok_sleep_a_g4	16	16	.BDKMOPW	frieza
frieza_adult_ok_sleep_b	16	16	.BDKMOPW	frieza
frieza_adult_ok_sleep_b_g0	16	16	.BDKMOPW	frieza
frieza_adult_ok_sleep_b_g1	16	16	.BDKMOPW	frieza
frieza_adult_ok_sleep_b_g3	16	16	.BDKMOPW	frieza
frieza_adult_ok_sleep_b_g4	16	16	.BDKMOPW	frieza
frieza_adult_ok_walk_a	16	16	.BDKPSW	frieza
frieza_adult_ok_walk_a_g0	16	16	.BDKPSW	frieza
frieza_adult_ok_walk_a_g1	16	16	.BDKPSW	frieza
frieza_adult_ok_walk_a_g3	16	16	.BDKPSW	frieza
frieza_adult_ok_walk_a_g4	16	16	.BDKPSW	frieza
frieza_adult_ok_walk_b	16	16	.BDKPSW	frieza
frieza_adult_ok_walk_b_g0	16	16	.BDKPSW	frieza
frieza_adult_ok_walk_b_g1	16	16	.BDKPSW	frieza
frieza_adult_ok_walk_b_g3	16	16	.BDKPSW	frieza
frieza_adult_ok_walk_b_g4	16	16	.BDKPSW	frieza
frieza_baby_eat_a	16	16	.KMOSWX	frieza
frieza_baby_eat_a_g0	16	16	.KMOSWX	frieza
frieza_baby_eat_a_g1	16	16	.KMOSWX	frieza
frieza_baby_eat_a_g3	16	16	.KMOSWX	frieza
frieza_baby_eat_a_g4	16	16	.KMOSWX	frieza
frieza_baby_eat_b	16	16	.KMOSWX	frieza
frieza_baby_eat_b_g0	16	16	.KMOSWX	frieza
frieza_baby_eat_b_g1	16	16	.KMOSWX	frieza
frieza_baby_eat_b_g3	16	16	.KMOSWX	frieza
frieza_baby_eat_b_g4	16	16	.KMOSWX	frieza
frieza_baby_idle_a	16	16	.BKNOSW	frieza
frieza_baby_idle_a_g0	16	16	.BKNOSW	frieza
frieza_baby_idle_a_g1	16	16	.BKNOSW	frieza
frieza_baby_idle_a_g3	16	16	.BKNOSW	frieza
frieza_baby_idle_a_g4	16	16	.BKNOSW	frieza
frieza_baby_idle_b	16	16	.BKNOSW	frieza
frieza_baby_idle_b_g0	16	16	.BKNOSW	frieza
frieza_baby_idle_b_g1	16	16	.BKNOSW	frieza
frieza_baby_idle_b_g3	16	16	.BKNOSW	frieza
frieza_baby_idle_b_g4	16	16	.BKNOSW	frieza
frieza_baby_sleep_a	16	16	.BKMNOW	frieza
frieza_baby_sleep_a_g0	16	16	.BKMNOW	frieza
frieza_baby_sleep_a_g1	16	16	.BKMNOW	frieza
frieza_baby_sleep_a_g3	16	16	.BKMNOW	frieza
frieza_baby_sleep_a_g4	16	16	.BKMNOW	frieza
frieza_baby_sleep_b	16	16	.BKMNOW	frieza
frieza_baby_sleep_b_g0	16	16	.BKMNOW	frieza
frieza_baby_sleep_b_g1	16	16	.BKMNOW	frieza
frieza_baby_sleep_b_g3	16	16	.BKMNOW	frieza
frieza_baby_sleep_b_g4	16	16	.BKMNOW	frieza
frieza_blue_idle_a	16	16	.BCOSW	frieza
frieza_blue_idle_a_g0	16	16	.BCOSW	frieza
frieza_blue_idle_a_g1	16	16	.BCOSW	frieza
frieza_blue_idle_a_g3	16	16	.BCOSW	frieza
frieza_blue_idle_a_g4	16	16	.BCOSW	frieza
frieza_blue_idle_b	16	16	.BCOSW	frieza
frieza_blue_idle_b_g0	16	16	.BCOSW	frieza
frieza_blue_idle_b_g1	16	16	.BCOSW	frieza
frieza_blue_idle_b_g3	16	16	.BCOSW	frieza
frieza_blue_idle_b_g4	16	16	.BCOSW	frieza
frieza_blue_walk_a	16	16	.BCOSW	frieza
frieza_blue_walk_a_g0	16	16	.BCOSW	frieza
frieza_blue_walk_a_g1	16	16	.BCOSW	frieza
frieza_blue_walk_a_g3	16	16	.BCOSW	frieza
frieza_blue_walk_a_g4	16	16	.BCOSW	frieza
frieza_blue_walk_b	16	16	.BCOSW	frieza
frieza_blue_walk_b_g0	16	16	.BCOSW	frieza
frieza_blue_walk_b_g1	16	16	.BCOSW	frieza
frieza_blue_walk_b_g3	16	16	.BCOSW	frieza
frieza_blue_walk_b_g4	16	16	.BCOSW	frieza
frieza_child_climb_a	16	16	.BKNOSW	frieza
frieza_child_climb_a_g0	16	16	.BKNOSW	frieza
frieza_child_climb_a_g1	16	16	.BKNOSW	frieza
frieza_child_climb_a_g3	16	16	.BKNOSW	frieza
frieza_child_climb_a_g4	16	16	.BKNOSW	frieza
frieza_child_climb_b	16	16	.BKNOSW	frieza
frieza_child_climb_b_g0	16	16	.BKNOSW	frieza
frieza_child_climb_b_g1	16	16	.BKNOSW	frieza
frieza_child_climb_b_g3	16	16	.BKNOSW	frieza
frieza_child_climb_b_g4	16	16	.BKNOSW	frieza
frieza_child_eat_a	16	16	.BKMOSWX	frieza
frieza_child_eat_a_g0	16	16	.BKMOSWX	frieza
frieza_child_eat_a_g1	16	16	.BKMOSWX	frieza
frieza_child_eat_a_g3	16	16	.BKMOSWX	frieza
frieza_child_eat_a_g4	16	16	.BKMOSWX	frieza
frieza_child_eat_b	16	16	.BKMOSWX	frieza
frieza_child_eat_b_g0	16	16	.BKMOSWX	frieza
frieza_child_eat_b_g1	16	16	.BKMOSWX	frieza
frieza_child_eat_b_g3	16	16	.BKMOSWX	frieza
frieza_child_eat_b_g4	16	16	.BKMOSWX	frieza
frieza_child_idle_a	16	16	.BKNOSW	frieza
frieza_child_idle_a_g0	16	16	.BKNOSW	frieza
frieza_child_idle_a_g1	16	16	.BKNOSW	frieza
frieza_child_idle_a_g3	16	16	.BKNOSW	frieza
frieza_child_idle_a_g4	16	16	.BKNOSW	frieza
frieza_child_idle_b	16	16	.BKNOSW	frieza
frieza_child_idle_b_g0	16	16	.BKNOSW	frieza
frieza_child_idle_b_g1	16	16	.BKNOSW	frieza
frieza_child_idle_b_g3	16	16	.BKNOSW	frieza
frieza_child_idle_b_g4	16	16	.BKNOSW	frieza
frieza_child_sleep_a	16	16	.BKMNOW	frieza
frieza_child_sleep_a_g0	16	16	.BKMNOW	frieza
frieza_child_sleep_a_g1	16	16	.BKMNOW	frieza
frieza_child_sleep_a_g3	16	16	.BKMNOW	frieza
frieza_child_sleep_a_g4	16	16	.BKMNOW	frieza
frieza_child_sleep_b	16	16	.BKMNOW	frieza
frieza_child_sleep_b_g0	16	16	.BKMNOW	frieza
frieza_child_sleep_b_g1	16	16	.BKMNOW	frieza
frieza_child_sleep_b_g3	16	16	.BKMNOW	frieza
frieza_child_sleep_b_g4	16	16	.BKMNOW	frieza
frieza_child_walk_a	16	16	.BKNOSW	frieza
frieza_child_walk_a_g0	16	16	.BKNOSW	frieza
frieza_child_walk_a_g1	16	16	.BKNOSW	frieza
frieza_child_walk_a_g3	16	16	.BKNOSW	frieza
frieza_child_walk_a_g4	16	16	.BKNOSW	frieza
frieza_child_walk_b	16	16	.BKNOSW	frieza
frieza_child_walk_b_g0	16	16	.BKNOSW	frieza
frieza_child_walk_b_g1	16	16	.BKNOSW	frieza
frieza_child_walk_b_g3	16	16	.BKNOSW	frieza
frieza_child_walk_b_g4	16	16	.BKNOSW	frieza
frieza_pod_idle_a	16	16	.DLMPRS	frieza
frieza_pod_idle_a_g0	16	16	.DLMPRS	frieza
frieza_pod_idle_a_g1	16	16	.DLMPRS	frieza
frieza_pod_idle_a_g3	16	16	.DLMPRS	frieza
frieza_pod_idle_a_g4	16	16	.DLMPRS	frieza
frieza_pod_idle_b	16	16	.DLMPRS	frieza
frieza_pod_idle_b_g0	16	16	.DLMPRS	frieza
frieza_pod_idle_b_g1	16	16	.DLMPRS	frieza
frieza_pod_idle_b_g3	16	16	.DLMPRS	frieza
frieza_pod_idle_b_g4	16	16	.DLMPRS	frieza
frieza_ssj_idle_a	16	16	.BOSWY	frieza
frieza_ssj_idle_a_g0	16	16	.BOSWY	frieza
frieza_ssj_idle_a_g1	16	16	.BOSWY	frieza
frieza_ssj_idle_a_g3	16	16	.BOSWY	frieza
frieza_ssj_idle_a_g4	16	16	.BOSWY	frieza
frieza_ssj_idle_b	16	16	.BOSWY	frieza
frieza_ssj_idle_b_g0	16	16	.BOSWY	frieza
frieza_ssj_idle_b_g1	16	16	.BOSWY	frieza
frieza_ssj_idle_b_g3	16	16	.BOSWY	frieza
frieza_ssj_idle_b_g4	16	16	.BOSWY	frieza
frieza_ssj_walk_a	16	16	.BOSWY	frieza
frieza_ssj_walk_a_g0	16	16	.BOSWY	frieza
frieza_ssj_walk_a_g1	16	16	.BOSWY	frieza
frieza_ssj_walk_a_g3	16	16	.BOSWY	frieza
frieza_ssj_walk_a_g4	16	16	.BOSWY	frieza
frieza_ssj_walk_b	16	16	.BOSWY	frieza
frieza_ssj_walk_b_g0	16	16	.BOSWY	frieza
frieza_ssj_walk_b_g1	16	16	.BOSWY	frieza
frieza_ssj_walk_b_g3	16	16	.BOSWY	frieza
frieza_ssj_walk_b_g4	16	16	.BOSWY	frieza
frieza_teen_neat_climb_a	16	16	.BKOSW	frieza
frieza_teen_neat_climb_a_g0	16	16	.BKOSW	frieza
frieza_teen_neat_climb_a_g1	16	16	.BKOSW	frieza
frieza_teen_neat_climb_a_g3	16	16	.BKOSW	frieza
frieza_teen_neat_climb_a_g4	16	16	.BKOSW	frieza
frieza_teen_neat_climb_b	16	16	.BKOSW	frieza
frieza_teen_neat_climb_b_g0	16	16	.BKOSW	frieza
frieza_teen_neat_climb_b_g1	16	16	.BKOSW	frieza
frieza_teen_neat_climb_b_g3	16	16	.BKOSW	frieza
frieza_teen_neat_climb_b_g4	16	16	.BKOSW	frieza
frieza_teen_neat_eat_a	16	16	.BKMOSWX	frieza
frieza_teen_neat_eat_a_g0	16	16	.BKMOSWX	frieza
frieza_teen_neat_eat_a_g1	16	16	.BKMOSWX	frieza
frieza_teen_neat_eat_a_g3	16	16	.BKMOSWX	frieza
frieza_teen_neat_eat_a_g4	16	16	.BKMOSWX	frieza
frieza_teen_neat_eat_b	16	16	.BKMOSWX	frieza
frieza_teen_neat_eat_b_g0	16	16	.BKMOSWX	frieza
frieza_teen_neat_eat_b_g1	16	16	.BKMOSWX	frieza
frieza_teen_neat_eat_b_g3	16	16	.BKMOSWX	frieza
frieza_teen_neat_eat_b_g4	16	16	.BKMOSWX	frieza
frieza_teen_neat_idle_a	16	16	.BKOSW	frieza
frieza_teen_neat_idle_a_g0	16	16	.BKOSW	frieza
frieza_teen_neat_idle_a_g1	16	16	.BKOSW	frieza
frieza_teen_neat_idle_a_g3	16	16	.BKOSW	frieza
frieza_teen_neat_idle_a_g4	16	16	.BKOSW	frieza
frieza_teen_neat_idle_b	16	16	.BKOSW	frieza
frieza_teen_neat_idle_b_g0	16	16	.BKOSW	frieza
frieza_teen_neat_idle_b_g1	16	16	.BKOSW	frieza
frieza_teen_neat_idle_b_g3	16	16	.BKOSW	frieza
frieza_teen_neat_idle_b_g4	16	16	.BKOSW	frieza
frieza_teen_neat_sleep_a	16	16	.BKMOW	frieza
frieza_teen_neat_sleep_a_g0	16	16	.BKMOW	frieza
frieza_teen_neat_sleep_a_g1	16	16	.BKMOW	frieza
frieza_teen_neat_sleep_a_g3	16	16	.BKMOW	frieza
frieza_teen_neat_sleep_a_g4	16	16	.BKMOW	frieza
frieza_teen_neat_sleep_b	16	16	.BKMOW	frieza
frieza_teen_neat_sleep_b_g0	16	16	.BKMOW	frieza
frieza_teen_neat_sleep_b_g1	16	16	.BKMOW	frieza
frieza_teen_neat_sleep_b_g3	16	16	.BKMOW	frieza
frieza_teen_neat_sleep_b_g4	16	16	.BKMOW	frieza
frieza_teen_neat_walk_a	16	16	.BKOSW	frieza
frieza_teen_neat_walk_a_g0	16	16	.BKOSW	frieza
frieza_teen_neat_walk_a_g1	16	16	.BKOSW	frieza
frieza_teen_neat_walk_a_g3	16	16	.BKOSW	frieza
frieza_teen_neat_walk_a_g4	16	16	.BKOSW	frieza
frieza_teen_neat_walk_b	16	16	.BKOSW	frieza
frieza_teen_neat_walk_b_g0	16	16	.BKOSW	frieza
frieza_teen_neat_walk_b_g1	16	16	.BKOSW	frieza
frieza_teen_neat_walk_b_g3	16	16	.BKOSW	frieza
frieza_teen_neat_walk_b_g4	16	16	.BKOSW	frieza
frieza_teen_scruffy_climb_a	16	16	.BKNOSW	frieza
frieza_teen_scruffy_climb_a_g0	16	16	.BKNOSW	frieza
frieza_teen_scruffy_climb_a_g1	16	16	.BKNOSW	frieza
frieza_teen_scruffy_climb_a_g3	16	16	.BKNOSW	frieza
frieza_teen_scruffy_climb_a_g4	16	16	.BKNOSW	frieza
frieza_teen_scruffy_climb_b	16	16	.BKNOSW	frieza
frieza_teen_scruffy_climb_b_g0	16	16	.BKNOSW	frieza
frieza_teen_scruffy_climb_b_g1	16	16	.BKNOSW	frieza
frieza_teen_scruffy_climb_b_g3	16	16	.BKNOSW	frieza
frieza_teen_scruffy_climb_b_g4	16	16	.BKNOSW	frieza
frieza_teen_scruffy_eat_a	16	16	.BKMNOSWX	frieza
frieza_teen_scruffy_eat_a_g0	16	16	.BKMNOSWX	frieza
frieza_teen_scruffy_eat_a_g1	16	16	.BKMNOSWX	frieza
frieza_teen_scruffy_eat_a_g3	16	16	.BKMNOSWX	frieza
frieza_teen_scruffy_eat_a_g4	16	16	.BKMNOSWX	frieza
frieza_teen_scruffy_eat_b	16	16	.BKMNOSWX	frieza
frieza_teen_scruffy_eat_b_g0	16	16	.BKMNOSWX	frieza
frieza_teen_scruffy_eat_b_g1	16	16	.BKMNOSWX	frieza
frieza_teen_scruffy_eat_b_g3	16	16	.BKMNOSWX	frieza
frieza_teen_scruffy_eat_b_g4	16	16	.BKMNOSWX	frieza
frieza_teen_scruffy_idle_a	16	16	.BKNOSW	frieza
frieza_teen_scruffy_idle_a_g0	16	16	.BKNOSW	frieza
frieza_teen_scruffy_idle_a_g1	16	16	.BKNOSW	frieza
frieza_teen_scruffy_idle_a_g3	16	16	.BKNOSW	frieza
frieza_teen_scruffy_idle_a_g4	16	16	.BKNOSW	frieza
frieza_teen_scruffy_idle_b	16	16	.BKNOSW	frieza
frieza_teen_scruffy_idle_b_g0	16	16	.BKNOSW	frieza
frieza_teen_scruffy_idle_b_g1	16	16	.BKNOSW	frieza
frieza_teen_scruffy_idle_b_g3	16	16	.BKNOSW	frieza
frieza_teen_scruffy_idle_b_g4	16	16	.BKNOSW	frieza
frieza_teen_scruffy_sleep_a	16	16	.BKMNOW	frieza
frieza_teen_scruffy_sleep_a_g0	16	16	.BKMNOW	frieza
frieza_teen_scruffy_sleep_a_g1	16	16	.BKMNOW	frieza
frieza_teen_scruffy_sleep_a_g3	16	16	.BKMNOW	frieza
frieza_teen_scruffy_sleep_a_g4	16	16	.BKMNOW	frieza
frieza_teen_scruffy_sleep_b	16	16	.BKMNOW	frieza
frieza_teen_scruffy_sleep_b_g0	16	16	.BKMNOW	frieza
frieza_teen_scruffy_sleep_b_g1	16	16	.BKMNOW	frieza
frieza_teen_scruffy_sleep_b_g3	16	16	.BKMNOW	frieza
frieza_teen_scruffy_sleep_b_g4	16	16	.BKMNOW	frieza
frieza_teen_scruffy_walk_a	16	16	.BKNOSW	frieza
frieza_teen_scruffy_walk_a_g0	16	16	.BKNOSW	frieza
frieza_teen_scruffy_walk_a_g1	16	16	.BKNOSW	frieza
frieza_teen_scruffy_walk_a_g3	16	16	.BKNOSW	frieza
frieza_teen_scruffy_walk_a_g4	16	16	.BKNOSW	frieza
frieza_teen_scruffy_walk_b	16	16	.BKNOSW	frieza
frieza_teen_scruffy_walk_b_g0	16	16	.BKNOSW	frieza
frieza_teen_scruffy_walk_b_g1	16	16	.BKNOSW	frieza
frieza_teen_scruffy_walk_b_g3	16	16	.BKNOSW	frieza
frieza_teen_scruffy_walk_b_g4	16	16	.BKNOSW	frieza
frieza_ui_idle_a	16	16	.BGOSW	frieza
frieza_ui_idle_a_g0	16	16	.BGOSW	frieza
frieza_ui_idle_a_g1	16	16	.BGOSW	frieza
frieza_ui_idle_a_g3	16	16	.BGOSW	frieza
frieza_ui_idle_a_g4	16	16	.BGOSW	frieza
frieza_ui_idle_b	16	16	.BGOSW	frieza
frieza_ui_idle_b_g0	16	16	.BGOSW	frieza
frieza_ui_idle_b_g1	16	16	.BGOSW	frieza
frieza_ui_idle_b_g3	16	16	.BGOSW	frieza
frieza_ui_idle_b_g4	16	16	.BGOSW	frieza
frieza_ui_walk_a	16	16	.BGOSW	frieza
frieza_ui_walk_a_g0	16	16	.BGOSW	frieza
frieza_ui_walk_a_g1	16	16	.BGOSW	frieza
frieza_ui_walk_a_g3	16	16	.BGOSW	frieza
frieza_ui_walk_a_g4	16	16	.BGOSW	frieza
frieza_ui_walk_b	16	16	.BGOSW	frieza
frieza_ui_walk_b_g0	16	16	.BGOSW	frieza
frieza_ui_walk_b_g1	16	16	.BGOSW	frieza
frieza_ui_walk_b_g3	16	16	.BGOSW	frieza
frieza_ui_walk_b_g4	16	16	.BGOSW	frieza
goku_adult_ace_climb_a	16	16	.BKOSW	goku
goku_adult_ace_climb_a_g0	16	16	.BKOSW	goku
goku_adult_ace_climb_a_g1	16	16	.BKOSW	goku
goku_adult_ace_climb_a_g3	16	16	.BKOSW	goku
goku_adult_ace_climb_a_g4	16	16	.BKOSW	goku
goku_adult_ace_climb_b	16	16	.BKOSW	goku
goku_adult_ace_climb_b_g0	16	16	.BKOSW	goku
goku_adult_ace_climb_b_g1	16	16	.BKOSW	goku
goku_adult_ace_climb_b_g3	16	16	.BKOSW	goku
goku_adult_ace_climb_b_g4	16	16	.BKOSW	goku
goku_adult_ace_eat_a	16	16	.BKMOSWX	goku
goku_adult_ace_eat_a_g0	16	16	.BKMOSWX	goku
goku_adult_ace_eat_a_g1	16	16	.BKMOSWX	goku
goku_adult_ace_eat_a_g3	16	16	.BKMOSWX	goku
goku_adult_ace_eat_a_g4	16	16	.BKMOSWX	goku
goku_adult_ace_eat_b	16	16	.BKMOSWX	goku
goku_adult_ace_eat_b_g0	16	16	.BKMOSWX	goku
goku_adult_ace_eat_b_g1	16	16	.BKMOSWX	goku
goku_adult_ace_eat_b_g3	16	16	.BKMOSWX	goku
goku_adult_ace_eat_b_g4	16	16	.BKMOSWX	goku
goku_adult_ace_idle_a	16	16	.BKOSW	goku
goku_adult_ace_idle_a_g0	16	16	.BKOSW	goku
goku_adult_ace_idle_a_g1	16	16	.BKOSW	goku
goku_adult_ace_idle_a_g3	16	16	.BKOSW	goku
goku_adult_ace_idle_a_g4	16	16	.BKOSW	goku
goku_adult_ace_idle_b	16	16	.BKOSW	goku
goku_adult_ace_idle_b_g0	16	16	.BKOSW	goku
goku_adult_ace_idle_b_g1	16	16	.BKOSW	goku
goku_adult_ace_idle_b_g3	16	16	.BKOSW	goku
goku_adult_ace_idle_b_g4	16	16	.BKOSW	goku
goku_adult_ace_sleep_a	16	16	.BKMOSW	goku
goku_adult_ace_sleep_a_g0	16	16	.BKMOSW	goku
goku_adult_ace_sleep_a_g1	16	16	.BKMOSW	goku
goku_adult_ace_sleep_a_g3	16	16	.BKMOSW	goku
goku_adult_ace_sleep_a_g4	16	16	.BKMOSW	goku
goku_adult_ace_sleep_b	16	16	.BKMOSW	goku
goku_adult_ace_sleep_b_g0	16	16	.BKMOSW	goku
goku_adult_ace_sleep_b_g1	16	16	.BKMOSW	goku
goku_adult_ace_sleep_b_g3	16	16	.BKMOSW	goku
goku_adult_ace_sleep_b_g4	16	16	.BKMOSW	goku
goku_adult_ace_walk_a	16	16	.BKOSW	goku
goku_adult_ace_walk_a_g0	16	16	.BKOSW	goku
goku_adult_ace_walk_a_g1	16	16	.BKOSW	goku
goku_adult_ace_walk_a_g3	16	16	.BKOSW	goku
goku_adult_ace_walk_a_g4	16	16	.BKOSW	goku
goku_adult_ace_walk_b	16	16	.BKOSW	goku
goku_adult_ace_walk_b_g0	16	16	.BKOSW	goku
goku_adult_ace_walk_b_g1	16	16	.BKOSW	goku
goku_adult_ace_walk_b_g3	16	16	.BKOSW	goku
goku_adult_ace_walk_b_g4	16	16	.BKOSW	goku
goku_adult_gremlin_climb_a	16	16	.BKORSW	goku
goku_adult_gremlin_climb_a_g0	16	16	.BKORSW	goku
goku_adult_gremlin_climb_a_g1	16	16	.BKORSW	goku
goku_adult_gremlin_climb_a_g3	16	16	.BKORSW	goku
goku_adult_gremlin_climb_a_g4	16	16	.BKORSW	goku
goku_adult_gremlin_climb_b	16	16	.BKORSW	goku
goku_adult_gremlin_climb_b_g0	16	16	.BKORSW	goku
goku_adult_gremlin_climb_b_g1	16	16	.BKORSW	goku
goku_adult_gremlin_climb_b_g3	16	16	.BKORSW	goku
goku_adult_gremlin_climb_b_g4	16	16	.BKORSW	goku
goku_adult_gremlin_eat_a	16	16	.BKMORSWX	goku
goku_adult_gremlin_eat_a_g0	16	16	.BKMORSWX	goku
goku_adult_gremlin_eat_a_g1	16	16	.BKMORSWX	goku
goku_adult_gremlin_eat_a_g3	16	16	.BKMORSWX	goku
goku_adult_gremlin_eat_a_g4	16	16	.BKMORSWX	goku
goku_adult_gremlin_eat_b	16	16	.BKMORSWX	goku
goku_adult_gremlin_eat_b_g0	16	16	.BKMORSWX	goku
goku_adult_gremlin_eat_b_g1	16	16	.BKMORSWX	goku
goku_adult_gremlin_eat_b_g3	16	16	.BKMORSWX	goku
goku_adult_gremlin_eat_b_g4	16	16	.BKMORSWX	goku
goku_adult_gremlin_idle_a	16	16	.BKORSW	goku
goku_adult_gremlin_idle_a_g0	16	16	.BKORSW	goku
goku_adult_gremlin_idle_a_g1	16	16	.BKORSW	goku
goku_adult_gremlin_idle_a_g3	16	16	.BKORSW	goku
goku_adult_gremlin_idle_a_g4	16	16	.BKORSW	goku
goku_adult_gremlin_idle_b	16	16	.BKORSW	goku
goku_adult_gremlin_idle_b_g0	16	16	.BKORSW	goku
goku_adult_gremlin_idle_b_g1	16	16	.BKORSW	goku
goku_adult_gremlin_idle_b_g3	16	16	.BKORSW	goku
goku_adult_gremlin_idle_b_g4	16	16	.BKORSW	goku
goku_adult_gremlin_sleep_a	16	16	.BKORSW	goku
goku_adult_gremlin_sleep_a_g0	16	16	.BKORSW	goku
goku_adult_gremlin_sleep_a_g1	16	16	.BKORSW	goku
goku_adult_gremlin_sleep_a_g3	16	16	.BKORSW	goku
goku_adult_gremlin_sleep_a_g4	16	16	.BKORSW	goku
goku_adult_gremlin_sleep_b	16	16	.BKORSW	goku
goku_adult_gremlin_sleep_b_g0	16	16	.BKORSW	goku
goku_adult_gremlin_sleep_b_g1	16	16	.BKORSW	goku
goku_adult_gremlin_sleep_b_g3	16	16	.BKORSW	goku
goku_adult_gremlin_sleep_b_g4	16	16	.BKORSW	goku
goku_adult_gremlin_walk_a	16	16	.BKORSW	goku
goku_adult_gremlin_walk_a_g0	16	16	.BKORSW	goku
goku_adult_gremlin_walk_a_g1	16	16	.BKORSW	goku
goku_adult_gremlin_walk_a_g3	16	16	.BKORSW	goku
goku_adult_gremlin_walk_a_g4	16	16	.BKORSW	goku
goku_adult_gremlin_walk_b	16	16	.BKORSW	goku
goku_adult_gremlin_walk_b_g0	16	16	.BKORSW	goku
goku_adult_gremlin_walk_b_g1	16	16	.BKORSW	goku
goku_adult_gremlin_walk_b_g3	16	16	.BKORSW	goku
goku_adult_gremlin_walk_b_g4	16	16	.BKORSW	goku
goku_adult_ok_climb_a	16	16	.BDKPSW	goku
goku_adult_ok_climb_a_g0	16	16	.BDKPSW	goku
goku_adult_ok_climb_a_g1	16	16	.BDKPSW	goku
goku_adult_ok_climb_a_g3	16	16	.BDKPSW	goku
goku_adult_ok_climb_a_g4	16	16	.BDKPSW	goku
goku_adult_ok_climb_b	16	16	.BDKPSW	goku
goku_adult_ok_climb_b_g0	16	16	.BDKPSW	goku
goku_adult_ok_climb_b_g1	16	16	.BDKPSW	goku
goku_adult_ok_climb_b_g3	16	16	.BDKPSW	goku
goku_adult_ok_climb_b_g4	16	16	.BDKPSW	goku
goku_adult_ok_eat_a	16	16	.BDKMPSWX	goku
goku_adult_ok_eat_a_g0	16	16	.BDKMPSWX	goku
goku_adult_ok_eat_a_g1	16	16	.BDKMPSWX	goku
goku_adult_ok_eat_a_g3	16	16	.BDKMPSWX	goku
goku_adult_ok_eat_a_g4	16	16	.BDKMPSWX	goku
goku_adult_ok_eat_b	16	16	.BDKMPSWX	goku
goku_adult_ok_eat_b_g0	16	16	.BDKMPSWX	goku
goku_adult_ok_eat_b_g1	16	16	.BDKMPSWX	goku
goku_adult_ok_eat_b_g3	16	16	.BDKMPSWX	goku
goku_adult_ok_eat_b_g4	16	16	.BDKMPSWX	goku
goku_adult_ok_idle_a	16	16	.BDKPSW	goku
goku_adult_ok_idle_a_g0	16	16	.BDKPSW	goku
goku_adult_ok_idle_a_g1	16	16	.BDKPSW	goku
goku_adult_ok_idle_a_g3	16	16	.BDKPSW	goku
goku_adult_ok_idle_a_g4	16	16	.BDKPSW	goku
goku_adult_ok_idle_b	16	16	.BDKPSW	goku
goku_adult_ok_idle_b_g0	16	16	.BDKPSW	goku
goku_adult_ok_idle_b_g1	16	16	.BDKPSW	goku
goku_adult_ok_idle_b_g3	16	16	.BDKPSW	goku
goku_adult_ok_idle_b_g4	16	16	.BDKPSW	goku
goku_adult_ok_sleep_a	16	16	.BDKMOPSW	goku
goku_adult_ok_sleep_a_g0	16	16	.BDKMOPSW	goku
goku_adult_ok_sleep_a_g1	16	16	.BDKMOPSW	goku
goku_adult_ok_sleep_a_g3	16	16	.BDKMOPSW	goku
goku_adult_ok_sleep_a_g4	16	16	.BDKMOPSW	goku
goku_adult_ok_sleep_b	16	16	.BDKMOPSW	goku
goku_adult_ok_sleep_b_g0	16	16	.BDKMOPSW	goku
goku_adult_ok_sleep_b_g1	16	16	.BDKMOPSW	goku
goku_adult_ok_sleep_b_g3	16	16	.BDKMOPSW	goku
goku_adult_ok_sleep_b_g4	16	16	.BDKMOPSW	goku
goku_adult_ok_walk_a	16	16	.BDKPSW	goku
goku_adult_ok_walk_a_g0	16	16	.BDKPSW	goku
goku_adult_ok_walk_a_g1	16	16	.BDKPSW	goku
goku_adult_ok_walk_a_g3	16	16	.BDKPSW	goku
goku_adult_ok_walk_a_g4	16	16	.BDKPSW	goku
goku_adult_ok_walk_b	16	16	.BDKPSW	goku
goku_adult_ok_walk_b_g0	16	16	.BDKPSW	goku
goku_adult_ok_walk_b_g1	16	16	.BDKPSW	goku
goku_adult_ok_walk_b_g3	16	16	.BDKPSW	goku
goku_adult_ok_walk_b_g4	16	16	.BDKPSW	goku
goku_baby_eat_a	16	16	.KMOSWX	goku
goku_baby_eat_a_g0	16	16	.KMOSWX	goku
goku_baby_eat_a_g1	16	16	.KMOSWX	goku
goku_baby_eat_a_g3	16	16	.KMOSWX	goku
goku_baby_eat_a_g4	16	16	.KMOSWX	goku
goku_baby_eat_b	16	16	.KMOSWX	goku
goku_baby_eat_b_g0	16	16	.KMOSWX	goku
goku_baby_eat_b_g1	16	16	.KMOSWX	goku
goku_baby_eat_b_g3	16	16	.KMOSWX	goku
goku_baby_eat_b_g4	16	16	.KMOSWX	goku
goku_baby_idle_a	16	16	.BKNOSW	goku
goku_baby_idle_a_g0	16	16	.BKNOSW	goku
goku_baby_idle_a_g1	16	16	.BKNOSW	goku
goku_baby_idle_a_g3	16	16	.BKNOSW	goku
goku_baby_idle_a_g4	16	16	.BKNOSW	goku
goku_baby_idle_b	16	16	.BKNOSW	goku
goku_baby_idle_b_g0	16	16	.BKNOSW	goku
goku_baby_idle_b_g1	16	16	.BKNOSW	goku
goku_baby_idle_b_g3	16	16	.BKNOSW	goku
goku_baby_idle_b_g4	16	16	.BKNOSW	goku
goku_baby_sleep_a	16	16	.BKMNOSW	goku
goku_baby_sleep_a_g0	16	16	.BKMNOSW	goku
goku_baby_sleep_a_g1	16	16	.BKMNOSW	goku
goku_baby_sleep_a_g3	16	16	.BKMNOSW	goku
goku_baby_sleep_a_g4	16	16	.BKMNOSW	goku
goku_baby_sleep_b	16	16	.BKMNOSW	goku
goku_baby_sleep_b_g0	16	16	.BKMNOSW	goku
goku_baby_sleep_b_g1	16	16	.BKMNOSW	goku
goku_baby_sleep_b_g3	16	16	.BKMNOSW	goku
goku_baby_sleep_b_g4	16	16	.BKMNOSW	goku
goku_blue_idle_a	16	16	.BCKOSW	goku
goku_blue_idle_a_g0	16	16	.BCKOSW	goku
goku_blue_idle_a_g1	16	16	.BCKOSW	goku
goku_blue_idle_a_g3	16	16	.BCKOSW	goku
goku_blue_idle_a_g4	16	16	.BCKOSW	goku
goku_blue_idle_b	16	16	.BCKOSW	goku
goku_blue_idle_b_g0	16	16	.BCKOSW	goku
goku_blue_idle_b_g1	16	16	.BCKOSW	goku
goku_blue_idle_b_g3	16	16	.BCKOSW	goku
goku_blue_idle_b_g4	16	16	.BCKOSW	goku
goku_blue_walk_a	16	16	.BCKOSW	goku
goku_blue_walk_a_g0	16	16	.BCKOSW	goku
goku_blue_walk_a_g1	16	16	.BCKOSW	goku
goku_blue_walk_a_g3	16	16	.BCKOSW	goku
goku_blue_walk_a_g4	16	16	.BCKOSW	goku
goku_blue_walk_b	16	16	.BCKOSW	goku
goku_blue_walk_b_g0	16	16	.BCKOSW	goku
goku_blue_walk_b_g1	16	16	.BCKOSW	goku
goku_blue_walk_b_g3	16	16	.BCKOSW	goku
goku_blue_walk_b_g4	16	16	.BCKOSW	goku
goku_child_climb_a	16	16	.BKNOSW	goku
goku_child_climb_a_g0	16	16	.BKNOSW	goku
goku_child_climb_a_g1	16	16	.BKNOSW	goku
goku_child_climb_a_g3	16	16	.BKNOSW	goku
goku_child_climb_a_g4	16	16	.BKNOSW	goku
goku_child_climb_b	16	16	.BKNOSW	goku
goku_child_climb_b_g0	16	16	.BKNOSW	goku
goku_child_climb_b_g1	16	16	.BKNOSW	goku
goku_child_climb_b_g3	16	16	.BKNOSW	goku
goku_child_climb_b_g4	16	16	.BKNOSW	goku
goku_child_eat_a	16	16	.BKMOSWX	goku
goku_child_eat_a_g0	16	16	.BKMOSWX	goku
goku_child_eat_a_g1	16	16	.BKMOSWX	goku
goku_child_eat_a_g3	16	16	.BKMOSWX	goku
goku_child_eat_a_g4	16	16	.BKMOSWX	goku
goku_child_eat_b	16	16	.BKMOSWX	goku
goku_child_eat_b_g0	16	16	.BKMOSWX	goku
goku_child_eat_b_g1	16	16	.BKMOSWX	goku
goku_child_eat_b_g3	16	16	.BKMOSWX	goku
goku_child_eat_b_g4	16	16	.BKMOSWX	goku
goku_child_idle_a	16	16	.BKNOSW	goku
goku_child_idle_a_g0	16	16	.BKNOSW	goku
goku_child_idle_a_g1	16	16	.BKNOSW	goku
goku_child_idle_a_g3	16	16	.BKNOSW	goku
goku_child_idle_a_g4	16	16	.BKNOSW	goku
goku_child_idle_b	16	16	.BKNOSW	goku
goku_child_idle_b_g0	16	16	.BKNOSW	goku
goku_child_idle_b_g1	16	16	.BKNOSW	goku
goku_child_idle_b_g3	16	16	.BKNOSW	goku
goku_child_idle_b_g4	16	16	.BKNOSW	goku
goku_child_sleep_a	16	16	.BKMNOSW	goku
goku_child_sleep_a_g0	16	16	.BKMNOSW	goku
goku_child_sleep_a_g1	16	16	.BKMNOSW	goku
goku_child_sleep_a_g3	16	16	.BKMNOSW	goku
goku_child_sleep_a_g4	16	16	.BKMNOSW	goku
goku_child_sleep_b	16	16	.BKMNOSW	goku
goku_child_sleep_b_g0	16	16	.BKMNOSW	goku
goku_child_sleep_b_g1	16	16	.BKMNOSW	goku
goku_child_sleep_b_g3	16	16	.BKMNOSW	goku
goku_child_sleep_b_g4	16	16	.BKMNOSW	goku
goku_child_walk_a	16	16	.BKNOSW	goku
goku_child_walk_a_g0	16	16	.BKNOSW	goku
goku_child_walk_a_g1	16	16	.BKNOSW	goku
goku_child_walk_a_g3	16	16	.BKNOSW	goku
goku_child_walk_a_g4	16	16	.BKNOSW	goku
goku_child_walk_b	16	16	.BKNOSW	goku
goku_child_walk_b_g0	16	16	.BKNOSW	goku
goku_child_walk_b_g1	16	16	.BKNOSW	goku
goku_child_walk_b_g3	16	16	.BKNOSW	goku
goku_child_walk_b_g4	16	16	.BKNOSW	goku
goku_pod_idle_a	16	16	.DLMPRS	goku
goku_pod_idle_a_g0	16	16	.DLMPRS	goku
goku_pod_idle_a_g1	16	16	.DLMPRS	goku
goku_pod_idle_a_g3	16	16	.DLMPRS	goku
goku_pod_idle_a_g4	16	16	.DLMPRS	goku
goku_pod_idle_b	16	16	.DLMPRS	goku
goku_pod_idle_b_g0	16	16	.DLMPRS	goku
goku_pod_idle_b_g1	16	16	.DLMPRS	goku
goku_pod_idle_b_g3	16	16	.DLMPRS	goku
goku_pod_idle_b_g4	16	16	.DLMPRS	goku
goku_ssj_idle_a	16	16	.BKOSWY	goku
goku_ssj_idle_a_g0	16	16	.BKOSWY	goku
goku_ssj_idle_a_g1	16	16	.BKOSWY	goku
goku_ssj_idle_a_g3	16	16	.BKOSWY	goku
goku_ssj_idle_a_g4	16	16	.BKOSWY	goku
goku_ssj_idle_b	16	16	.BKOSWY	goku
goku_ssj_idle_b_g0	16	16	.BKOSWY	goku
goku_ssj_idle_b_g1	16	16	.BKOSWY	goku
goku_ssj_idle_b_g3	16	16	.BKOSWY	goku
goku_ssj_idle_b_g4	16	16	.BKOSWY	goku
goku_ssj_walk_a	16	16	.BKOSWY	goku
goku_ssj_walk_a_g0	16	16	.BKOSWY	goku
goku_ssj_walk_a_g1	16	16	.BKOSWY	goku
goku_ssj_walk_a_g3	16	16	.BKOSWY	goku
goku_ssj_walk_a_g4	16	16	.BKOSWY	goku
goku_ssj_walk_b	16	16	.BKOSWY	goku
goku_ssj_walk_b_g0	16	16	.BKOSWY	goku
goku_ssj_walk_b_g1	16	16	.BKOSWY	goku
goku_ssj_walk_b_g3	16	16	.BKOSWY	goku
goku_ssj_walk_b_g4	16	16	.BKOSWY	goku
goku_teen_neat_climb_a	16	16	.BKOSW	goku
goku_teen_neat_climb_a_g0	16	16	.BKOSW	goku
goku_teen_neat_climb_a_g1	16	16	.BKOSW	goku
goku_teen_neat_climb_a_g3	16	16	.BKOSW	goku
goku_teen_neat_climb_a_g4	16	16	.BKOSW	goku
goku_teen_neat_climb_b	16	16	.BKOSW	goku
goku_teen_neat_climb_b_g0	16	16	.BKOSW	goku
goku_teen_neat_climb_b_g1	16	16	.BKOSW	goku
goku_teen_neat_climb_b_g3	16	16	.BKOSW	goku
goku_teen_neat_climb_b_g4	16	16	.BKOSW	goku
goku_teen_neat_eat_a	16	16	.BKMOSWX	goku
goku_teen_neat_eat_a_g0	16	16	.BKMOSWX	goku
goku_teen_neat_eat_a_g1	16	16	.BKMOSWX	goku
goku_teen_neat_eat_a_g3	16	16	.BKMOSWX	goku
goku_teen_neat_eat_a_g4	16	16	.BKMOSWX	goku
goku_teen_neat_eat_b	16	16	.BKMOSWX	goku
goku_teen_neat_eat_b_g0	16	16	.BKMOSWX	goku
goku_teen_neat_eat_b_g1	16	16	.BKMOSWX	goku
goku_teen_neat_eat_b_g3	16	16	.BKMOSWX	goku
goku_teen_neat_eat_b_g4	16	16	.BKMOSWX	goku
goku_teen_neat_idle_a	16	16	.BKOSW	goku
goku_teen_neat_idle_a_g0	16	16	.BKOSW	goku
goku_teen_neat_idle_a_g1	16	16	.BKOSW	goku
goku_teen_neat_idle_a_g3	16	16	.BKOSW	goku
goku_teen_neat_idle_a_g4	16	16	.BKOSW	goku
goku_teen_neat_idle_b	16	16	.BKOSW	goku
goku_teen_neat_idle_b_g0	16	16	.BKOSW	goku
goku_teen_neat_idle_b_g1	16	16	.BKOSW	goku
goku_teen_neat_idle_b_g3	16	16	.BKOSW	goku
goku_teen_neat_idle_b_g4	16	16	.BKOSW	goku
goku_teen_neat_sleep_a	16	16	.BKMOSW	goku
goku_teen_neat_sleep_a_g0	16	16	.BKMOSW	goku
goku_teen_neat_sleep_a_g1	16	16	.BKMOSW	goku
goku_teen_neat_sleep_a_g3	16	16	.BKMOSW	goku
goku_teen_neat_sleep_a_g4	16	16	.BKMOSW	goku
goku_teen_neat_sleep_b	16	16	.BKMOSW	goku
goku_teen_neat_sleep_b_g0	16	16	.BKMOSW	goku
goku_teen_neat_sleep_b_g1	16	16	.BKMOSW	goku
goku_teen_neat_sleep_b_g3	16	16	.BKMOSW	goku
goku_teen_neat_sleep_b_g4	16	16	.BKMOSW	goku
goku_teen_neat_walk_a	16	16	.BKOSW	goku
goku_teen_neat_walk_a_g0	16	16	.BKOSW	goku
goku_teen_neat_walk_a_g1	16	16	.BKOSW	goku
goku_teen_neat_walk_a_g3	16	16	.BKOSW	goku
goku_teen_neat_walk_a_g4	16	16	.BKOSW	goku
goku_teen_neat_walk_b	16	16	.BKOSW	goku
goku_teen_neat_walk_b_g0	16	16	.BKOSW	goku
goku_teen_neat_walk_b_g1	16	16	.BKOSW	goku
goku_teen_neat_walk_b_g3	16	16	.BKOSW	goku
goku_teen_neat_walk_b_g4	16	16	.BKOSW	goku
goku_teen_scruffy_climb_a	16	16	.DPS	goku
goku_teen_scruffy_climb_a_g0	16	16	.DPS	goku
goku_teen_scruffy_climb_a_g1	16	16	.DPS	goku
goku_teen_scruffy_climb_a_g3	16	16	.DPS	goku
goku_teen_scruffy_climb_a_g4	16	16	.DPS	goku
goku_teen_scruffy_climb_b	16	16	.DPS	goku
goku_teen_scruffy_climb_b_g0	16	16	.DPS	goku
goku_teen_scruffy_climb_b_g1	16	16	.DPS	goku
goku_teen_scruffy_climb_b_g3	16	16	.DPS	goku
goku_teen_scruffy_climb_b_g4	16	16	.DPS	goku
goku_teen_scruffy_eat_a	16	16	.DMPSX	goku
goku_teen_scruffy_eat_a_g0	16	16	.DMPSX	goku
goku_teen_scruffy_eat_a_g1	16	16	.DMPSX	goku
goku_teen_scruffy_eat_a_g3	16	16	.DMPSX	goku
goku_teen_scruffy_eat_a_g4	16	16	.DMPSX	goku
goku_teen_scruffy_eat_b	16	16	.DMPSX	goku
goku_teen_scruffy_eat_b_g0	16	16	.DMPSX	goku
goku_teen_scruffy_eat_b_g1	16	16	.DMPSX	goku
goku_teen_scruffy_eat_b_g3	16	16	.DMPSX	goku
goku_teen_scruffy_eat_b_g4	16	16	.DMPSX	goku
goku_teen_scruffy_idle_a	16	16	.DPS	goku
goku_teen_scruffy_idle_a_g0	16	16	.DPS	goku
goku_teen_scruffy_idle_a_g1	16	16	.DPS	goku
goku_teen_scruffy_idle_a_g3	16	16	.DPS	goku
goku_teen_scruffy_idle_a_g4	16	16	.DPS	goku
goku_teen_scruffy_idle_b	16	16	.DPS	goku
goku_teen_scruffy_idle_b_g0	16	16	.DPS	goku
goku_teen_scruffy_idle_b_g1	16	16	.DPS	goku
goku_teen_scruffy_idle_b_g3	16	16	.DPS	goku
goku_teen_scruffy_idle_b_g4	16	16	.DPS	goku
goku_teen_scruffy_sleep_a	16	16	.DMPS	goku
goku_teen_scruffy_sleep_a_g0	16	16	.DMPS	goku
goku_teen_scruffy_sleep_a_g1	16	16	.DMPS	goku
goku_teen_scruffy_sleep_a_g3	16	16	.DMPS	goku
goku_teen_scruffy_sleep_a_g4	16	16	.DMPS	goku
goku_teen_scruffy_sleep_b	16	16	.DMPS	goku
goku_teen_scruffy_sleep_b_g0	16	16	.DMPS	goku
goku_teen_scruffy_sleep_b_g1	16	16	.DMPS	goku
goku_teen_scruffy_sleep_b_g3	16	16	.DMPS	goku
goku_teen_scruffy_sleep_b_g4	16	16	.DMPS	goku
goku_teen_scruffy_walk_a	16	16	.DPS	goku
goku_teen_scruffy_walk_a_g0	16	16	.DPS	goku
goku_teen_scruffy_walk_a_g1	16	16	.DPS	goku
goku_teen_scruffy_walk_a_g3	16	16	.DPS	goku
goku_teen_scruffy_walk_a_g4	16	16	.DPS	goku
goku_teen_scruffy_walk_b	16	16	.DPS	goku
goku_teen_scruffy_walk_b_g0	16	16	.DPS	goku
goku_teen_scruffy_walk_b_g1	16	16	.DPS	goku
goku_teen_scruffy_walk_b_g3	16	16	.DPS	goku
goku_teen_scruffy_walk_b_g4	16	16	.DPS	goku
goku_ui_idle_a	16	16	.BGKOSW	goku
goku_ui_idle_a_g0	16	16	.BGKOSW	goku
goku_ui_idle_a_g1	16	16	.BGKOSW	goku
goku_ui_idle_a_g3	16	16	.BGKOSW	goku
goku_ui_idle_a_g4	16	16	.BGKOSW	goku
goku_ui_idle_b	16	16	.BGKOSW	goku
goku_ui_idle_b_g0	16	16	.BGKOSW	goku
goku_ui_idle_b_g1	16	16	.BGKOSW	goku
goku_ui_idle_b_g3	16	16	.BGKOSW	goku
goku_ui_idle_b_g4	16	16	.BGKOSW	goku
goku_ui_walk_a	16	16	.BGKOSW	goku
goku_ui_walk_a_g0	16	16	.BGKOSW	goku
goku_ui_walk_a_g1	16	16	.BGKOSW	goku
goku_ui_walk_a_g3	16	16	.BGKOSW	goku
goku_ui_walk_a_g4	16	16	.BGKOSW	goku
goku_ui_walk_b	16	16	.BGKOSW	goku
goku_ui_walk_b_g0	16	16	.BGKOSW	goku
goku_ui_walk_b_g1	16	16	.BGKOSW	goku
goku_ui_walk_b_g3	16	16	.BGKOSW	goku
goku_ui_walk_b_g4	16	16	.BGKOSW	goku
krillin_adult_ace_climb_a	16	16	.BKOSW	krillin
krillin_adult_ace_climb_a_g0	16	16	.BKOSW	krillin
krillin_adult_ace_climb_a_g1	16	16	.BKOSW	krillin
krillin_adult_ace_climb_a_g3	16	16	.BKOSW	krillin
krillin_adult_ace_climb_a_g4	16	16	.BKOSW	krillin
krillin_adult_ace_climb_b	16	16	.BKOSW	krillin
krillin_adult_ace_climb_b_g0	16	16	.BKOSW	krillin
krillin_adult_ace_climb_b_g1	16	16	.BKOSW	krillin
krillin_adult_ace_climb_b_g3	16	16	.BKOSW	krillin
krillin_adult_ace_climb_b_g4	16	16	.BKOSW	krillin
krillin_adult_ace_eat_a	16	16	.BKMOSWX	krillin
krillin_adult_ace_eat_a_g0	16	16	.BKMOSWX	krillin
krillin_adult_ace_eat_a_g1	16	16	.BKMOSWX	krillin
krillin_adult_ace_eat_a_g3	16	16	.BKMOSWX	krillin
krillin_adult_ace_eat_a_g4	16	16	.BKMOSWX	krillin
krillin_adult_ace_eat_b	16	16	.BKMOSWX	krillin
krillin_adult_ace_eat_b_g0	16	16	.BKMOSWX	krillin
krillin_adult_ace_eat_b_g1	16	16	.BKMOSWX	krillin
krillin_adult_ace_eat_b_g3	16	16	.BKMOSWX	krillin
krillin_adult_ace_eat_b_g4	16	16	.BKMOSWX	krillin
krillin_adult_ace_idle_a	16	16	.BKOSW	krillin
krillin_adult_ace_idle_a_g0	16	16	.BKOSW	krillin
krillin_adult_ace_idle_a_g1	16	16	.BKOSW	krillin
krillin_adult_ace_idle_a_g3	16	16	.BKOSW	krillin
krillin_adult_ace_idle_a_g4	16	16	.BKOSW	krillin
krillin_adult_ace_idle_b	16	16	.BKOSW	krillin
krillin_adult_ace_idle_b_g0	16	16	.BKOSW	krillin
krillin_adult_ace_idle_b_g1	16	16	.BKOSW	krillin
krillin_adult_ace_idle_b_g3	16	16	.BKOSW	krillin
krillin_adult_ace_idle_b_g4	16	16	.BKOSW	krillin
krillin_adult_ace_sleep_a	16	16	.BKMOSW	krillin
krillin_adult_ace_sleep_a_g0	16	16	.BKMOSW	krillin
krillin_adult_ace_sleep_a_g1	16	16	.BKMOSW	krillin
krillin_adult_ace_sleep_a_g3	16	16	.BKMOSW	krillin
krillin_adult_ace_sleep_a_g4	16	16	.BKMOSW	krillin
krillin_adult_ace_sleep_b	16	16	.BKMOSW	krillin
krillin_adult_ace_sleep_b_g0	16	16	.BKMOSW	krillin
krillin_adult_ace_sleep_b_g1	16	16	.BKMOSW	krillin
krillin_adult_ace_sleep_b_g3	16	16	.BKMOSW	krillin
krillin_adult_ace_sleep_b_g4	16	16	.BKMOSW	krillin
krillin_adult_ace_walk_a	16	16	.BKOSW	krillin
krillin_adult_ace_walk_a_g0	16	16	.BKOSW	krillin
krillin_adult_ace_walk_a_g1	16	16	.BKOSW	krillin
krillin_adult_ace_walk_a_g3	16	16	.BKOSW	krillin
krillin_adult_ace_walk_a_g4	16	16	.BKOSW	krillin
krillin_adult_ace_walk_b	16	16	.BKOSW	krillin
krillin_adult_ace_walk_b_g0	16	16	.BKOSW	krillin
krillin_adult_ace_walk_b_g1	16	16	.BKOSW	krillin
krillin_adult_ace_walk_b_g3	16	16	.BKOSW	krillin
krillin_adult_ace_walk_b_g4	16	16	.BKOSW	krillin
krillin_adult_gremlin_climb_a	16	16	.BKORSW	krillin
krillin_adult_gremlin_climb_a_g0	16	16	.BKORSW	krillin
krillin_adult_gremlin_climb_a_g1	16	16	.BKORSW	krillin
krillin_adult_gremlin_climb_a_g3	16	16	.BKORSW	krillin
krillin_adult_gremlin_climb_a_g4	16	16	.BKORSW	krillin
krillin_adult_gremlin_climb_b	16	16	.BKORSW	krillin
krillin_adult_gremlin_climb_b_g0	16	16	.BKORSW	krillin
krillin_adult_gremlin_climb_b_g1	16	16	.BKORSW	krillin
krillin_adult_gremlin_climb_b_g3	16	16	.BKORSW	krillin
krillin_adult_gremlin_climb_b_g4	16	16	.BKORSW	krillin
krillin_adult_gremlin_eat_a	16	16	.BKMORSWX	krillin
krillin_adult_gremlin_eat_a_g0	16	16	.BKMORSWX	krillin
krillin_adult_gremlin_eat_a_g1	16	16	.BKMORSWX	krillin
krillin_adult_gremlin_eat_a_g3	16	16	.BKMORSWX	krillin
krillin_adult_gremlin_eat_a_g4	16	16	.BKMORSWX	krillin
krillin_adult_gremlin_eat_b	16	16	.BKMORSWX	krillin
krillin_adult_gremlin_eat_b_g0	16	16	.BKMORSWX	krillin
krillin_adult_gremlin_eat_b_g1	16	16	.BKMORSWX	krillin
krillin_adult_gremlin_eat_b_g3	16	16	.BKMORSWX	krillin
krillin_adult_gremlin_eat_b_g4	16	16	.BKMORSWX	krillin
krillin_adult_gremlin_idle_a	16	16	.BKORSW	krillin
krillin_adult_gremlin_idle_a_g0	16	16	.BKORSW	krillin
krillin_adult_gremlin_idle_a_g1	16	16	.BKORSW	krillin
krillin_adult_gremlin_idle_a_g3	16	16	.BKORSW	krillin
krillin_adult_gremlin_idle_a_g4	16	16	.BKORSW	krillin
krillin_adult_gremlin_idle_b	16	16	.BKORSW	krillin
krillin_adult_gremlin_idle_b_g0	16	16	.BKORSW	krillin
krillin_adult_gremlin_idle_b_g1	16	16	.BKORSW	krillin
krillin_adult_gremlin_idle_b_g3	16	16	.BKORSW	krillin
krillin_adult_gremlin_idle_b_g4	16	16	.BKORSW	krillin
krillin_adult_gremlin_sleep_a	16	16	.BKORSW	krillin
krillin_adult_gremlin_sleep_a_g0	16	16	.BKORSW	krillin
krillin_adult_gremlin_sleep_a_g1	16	16	.BKORSW	krillin
krillin_adult_gremlin_sleep_a_g3	16	16	.BKORSW	krillin
krillin_adult_gremlin_sleep_a_g4	16	16	.BKORSW	krillin
krillin_adult_gremlin_sleep_b	16	16	.BKORSW	krillin
krillin_adult_gremlin_sleep_b_g0	16	16	.BKORSW	krillin
krillin_adult_gremlin_sleep_b_g1	16	16	.BKORSW	krillin
krillin_adult_gremlin_sleep_b_g3	16	16	.BKORSW	krillin
krillin_adult_gremlin_sleep_b_g4	16	16	.BKORSW	krillin
krillin_adult_gremlin_walk_a	16	16	.BKORSW	krillin
krillin_adult_gremlin_walk_a_g0	16	16	.BKORSW	krillin
krillin_adult_gremlin_walk_a_g1	16	16	.BKORSW	krillin
krillin_adult_gremlin_walk_a_g3	16	16	.BKORSW	krillin
krillin_adult_gremlin_walk_a_g4	16	16	.BKORSW	krillin
krillin_adult_gremlin_walk_b	16	16	.BKORSW	krillin
krillin_adult_gremlin_walk_b_g0	16	16	.BKORSW	krillin
krillin_adult_gremlin_walk_b_g1	16	16	.BKORSW	krillin
krillin_adult_gremlin_walk_b_g3	16	16	.BKORSW	krillin
krillin_adult_gremlin_walk_b_g4	16	16	.BKORSW	krillin
krillin_adult_ok_climb_a	16	16	.BDKPSW	krillin
krillin_adult_ok_climb_a_g0	16	16	.BDKPSW	krillin
krillin_adult_ok_climb_a_g1	16	16	.BDKPSW	krillin
krillin_adult_ok_climb_a_g3	16	16	.BDKPSW	krillin
krillin_adult_ok_climb_a_g4	16	16	.BDKPSW	krillin
krillin_adult_ok_climb_b	16	16	.BDKPSW	krillin
krillin_adult_ok_climb_b_g0	16	16	.BDKPSW	krillin
krillin_adult_ok_climb_b_g1	16	16	.BDKPSW	krillin
krillin_adult_ok_climb_b_g3	16	16	.BDKPSW	krillin
krillin_adult_ok_climb_b_g4	16	16	.BDKPSW	krillin
krillin_adult_ok_eat_a	16	16	.BDKMPSWX	krillin
krillin_adult_ok_eat_a_g0	16	16	.BDKMPSWX	krillin
krillin_adult_ok_eat_a_g1	16	16	.BDKMPSWX	krillin
krillin_adult_ok_eat_a_g3	16	16	.BDKMPSWX	krillin
krillin_adult_ok_eat_a_g4	16	16	.BDKMPSWX	krillin
krillin_adult_ok_eat_b	16	16	.BDKMPSWX	krillin
krillin_adult_ok_eat_b_g0	16	16	.BDKMPSWX	krillin
krillin_adult_ok_eat_b_g1	16	16	.BDKMPSWX	krillin
krillin_adult_ok_eat_b_g3	16	16	.BDKMPSWX	krillin
krillin_adult_ok_eat_b_g4	16	16	.BDKMPSWX	krillin
krillin_adult_ok_idle_a	16	16	.BDKPSW	krillin
krillin_adult_ok_idle_a_g0	16	16	.BDKPSW	krillin
krillin_adult_ok_idle_a_g1	16	16	.BDKPSW	krillin
krillin_adult_ok_idle_a_g3	16	16	.BDKPSW	krillin
krillin_adult_ok_idle_a_g4	16	16	.BDKPSW	krillin
krillin_adult_ok_idle_b	16	16	.BDKPSW	krillin
krillin_adult_ok_idle_b_g0	16	16	.BDKPSW	krillin
krillin_adult_ok_idle_b_g1	16	16	.BDKPSW	krillin
krillin_adult_ok_idle_b_g3	16	16	.BDKPSW	krillin
krillin_adult_ok_idle_b_g4	16	16	.BDKPSW	krillin
krillin_adult_ok_sleep_a	16	16	.BDKMOPSW	krillin
krillin_adult_ok_sleep_a_g0	16	16	.BDKMOPSW	krillin
krillin_adult_ok_sleep_a_g1	16	16	.BDKMOPSW	krillin
krillin_adult_ok_sleep_a_g3	16	16	.BDKMOPSW	krillin
krillin_adult_ok_sleep_a_g4	16	16	.BDKMOPSW	krillin
krillin_adult_ok_sleep_b	16	16	.BDKMOPSW	krillin
krillin_adult_ok_sleep_b_g0	16	16	.BDKMOPSW	krillin
krillin_adult_ok_sleep_b_g1	16	16	.BDKMOPSW	krillin
krillin_adult_ok_sleep_b_g3	16	16	.BDKMOPSW	krillin
krillin_adult_ok_sleep_b_g4	16	16	.BDKMOPSW	krillin
krillin_adult_ok_walk_a	16	16	.BDKPSW	krillin
krillin_adult_ok_walk_a_g0	16	16	.BDKPSW	krillin
krillin_adult_ok_walk_a_g1	16	16	.BDKPSW	krillin
krillin_adult_ok_walk_a_g3	16	16	.BDKPSW	krillin
krillin_adult_ok_walk_a_g4	16	16	.BDKPSW	krillin
krillin_adult_ok_walk_b	16	16	.BDKPSW	krillin
krillin_adult_ok_walk_b_g0	16	16	.BDKPSW	krillin
krillin_adult_ok_walk_b_g1	16	16	.BDKPSW	krillin
krillin_adult_ok_walk_b_g3	16	16	.BDKPSW	krillin
krillin_adult_ok_walk_b_g4	16	16	.BDKPSW	krillin
krillin_baby_eat_a	16	16	.KMOSWX	krillin
krillin_baby_eat_a_g0	16	16	.KMOSWX	krillin
krillin_baby_eat_a_g1	16	16	.KMOSWX	krillin
krillin_baby_eat_a_g3	16	16	.KMOSWX	krillin
krillin_baby_eat_a_g4	16	16	.KMOSWX	krillin
krillin_baby_eat_b	16	16	.KMOSWX	krillin
krillin_baby_eat_b_g0	16	16	.KMOSWX	krillin
krillin_baby_eat_b_g1	16	16	.KMOSWX	krillin
krillin_baby_eat_b_g3	16	16	.KMOSWX	krillin
krillin_baby_eat_b_g4	16	16	.KMOSWX	krillin
krillin_baby_idle_a	16	16	.BKNOSW	krillin
krillin_baby_idle_a_g0	16	16	.BKNOSW	krillin
krillin_baby_idle_a_g1	16	16	.BKNOSW	krillin
krillin_baby_idle_a_g3	16	16	.BKNOSW	krillin
krillin_baby_idle_a_g4	16	16	.BKNOSW	krillin
krillin_baby_idle_b	16	16	.BKNOSW	krillin
krillin_baby_idle_b_g0	16	16	.BKNOSW	krillin
krillin_baby_idle_b_g1	16	16	.BKNOSW	krillin
krillin_baby_idle_b_g3	16	16	.BKNOSW	krillin
krillin_baby_idle_b_g4	16	16	.BKNOSW	krillin
krillin_baby_sleep_a	16	16	.BKMNOSW	krillin
krillin_baby_sleep_a_g0	16	16	.BKMNOSW	krillin
krillin_baby_sleep_a_g1	16	16	.BKMNOSW	krillin
krillin_baby_sleep_a_g3	16	16	.BKMNOSW	krillin
krillin_baby_sleep_a_g4	16	16	.BKMNOSW	krillin
krillin_baby_sleep_b	16	16	.BKMNOSW	krillin
krillin_baby_sleep_b_g0	16	16	.BKMNOSW	krillin
krillin_baby_sleep_b_g1	16	16	.BKMNOSW	krillin
krillin_baby_sleep_b_g3	16	16	.BKMNOSW	krillin
krillin_baby_sleep_b_g4	16	16	.BKMNOSW	krillin
krillin_blue_idle_a	16	16	.BCOSW	krillin
krillin_blue_idle_a_g0	16	16	.BCOSW	krillin
krillin_blue_idle_a_g1	16	16	.BCOSW	krillin
krillin_blue_idle_a_g3	16	16	.BCOSW	krillin
krillin_blue_idle_a_g4	16	16	.BCOSW	krillin
krillin_blue_idle_b	16	16	.BCOSW	krillin
krillin_blue_idle_b_g0	16	16	.BCOSW	krillin
krillin_blue_idle_b_g1	16	16	.BCOSW	krillin
krillin_blue_idle_b_g3	16	16	.BCOSW	krillin
krillin_blue_idle_b_g4	16	16	.BCOSW	krillin
krillin_blue_walk_a	16	16	.BCOSW	krillin
krillin_blue_walk_a_g0	16	16	.BCOSW	krillin
krillin_blue_walk_a_g1	16	16	.BCOSW	krillin
krillin_blue_walk_a_g3	16	16	.BCOSW	krillin
krillin_blue_walk_a_g4	16	16	.BCOSW	krillin
krillin_blue_walk_b	16	16	.BCOSW	krillin
krillin_blue_walk_b_g0	16	16	.BCOSW	krillin
krillin_blue_walk_b_g1	16	16	.BCOSW	krillin
krillin_blue_walk_b_g3	16	16	.BCOSW	krillin
krillin_blue_walk_b_g4	16	16	.BCOSW	krillin
krillin_child_climb_a	16	16	.BKNOSW	krillin
krillin_child_climb_a_g0	16	16	.BKNOSW	krillin
krillin_child_climb_a_g1	16	16	.BKNOSW	krillin
krillin_child_climb_a_g3	16	16	.BKNOSW	krillin
krillin_child_climb_a_g4	16	16	.BKNOSW	krillin
krillin_child_climb_b	16	16	.BKNOSW	krillin
krillin_child_climb_b_g0	16	16	.BKNOSW	krillin
krillin_child_climb_b_g1	16	16	.BKNOSW	krillin
krillin_child_climb_b_g3	16	16	.BKNOSW	krillin
krillin_child_climb_b_g4	16	16	.BKNOSW	krillin
krillin_child_eat_a	16	16	.BKMOSWX	krillin
krillin_child_eat_a_g0	16	16	.BKMOSWX	krillin
krillin_child_eat_a_g1	16	16	.BKMOSWX	krillin
krillin_child_eat_a_g3	16	16	.BKMOSWX	krillin
krillin_child_eat_a_g4	16	16	.BKMOSWX	krillin
krillin_child_eat_b	16	16	.BKMOSWX	krillin
krillin_child_eat_b_g0	16	16	.BKMOSWX	krillin
krillin_child_eat_b_g1	16	16	.BKMOSWX	krillin
krillin_child_eat_b_g3	16	16	.BKMOSWX	krillin
krillin_child_eat_b_g4	16	16	.BKMOSWX	krillin
krillin_child_idle_a	16	16	.BKNOSW	krillin
krillin_child_idle_a_g0	16	16	.BKNOSW	krillin
krillin_child_idle_a_g1	16	16	.BKNOSW	krillin
krillin_child_idle_a_g3	16	16	.BKNOSW	krillin
krillin_child_idle_a_g4	16	16	.BKNOSW	krillin
krillin_child_idle_b	16	16	.BKNOSW	krillin
krillin_child_idle_b_g0	16	16	.BKNOSW	krillin
krillin_child_idle_b_g1	16	16	.BKNOSW	krillin
krillin_child_idle_b_g3	16	16	.BKNOSW	krillin
krillin_child_idle_b_g4	16	16	.BKNOSW	krillin
krillin_child_sleep_a	16	16	.BKMNOSW	krillin
krillin_child_sleep_a_g0	16	16	.BKMNOSW	krillin
krillin_child_sleep_a_g1	16	16	.BKMNOSW	krillin
krillin_child_sleep_a_g3	16	16	.BKMNOSW	krillin
krillin_child_sleep_a_g4	16	16	.BKMNOSW	krillin
krillin_child_sleep_b	16	16	.BKMNOSW	krillin
krillin_child_sleep_b_g0	16	16	.BKMNOSW	krillin
krillin_child_sleep_b_g1	16	16	.BKMNOSW	krillin
krillin_child_sleep_b_g3	16	16	.BKMNOSW	krillin
krillin_child_sleep_b_g4	16	16	.BKMNOSW	krillin
krillin_child_walk_a	16	16	.BKNOSW	krillin
krillin_child_walk_a_g0	16	16	.BKNOSW	krillin
krillin_child_walk_a_g1	16	16	.BKNOSW	krillin
krillin_child_walk_a_g3	16	16	.BKNOSW	krillin
krillin_child_walk_a_g4	16	16	.BKNOSW	krillin
krillin_child_walk_b	16	16	.BKNOSW	krillin
krillin_child_walk_b_g0	16	16	.BKNOSW	krillin
krillin_child_walk_b_g1	16	16	.BKNOSW	krillin
krillin_child_walk_b_g3	16	16	.BKNOSW	krillin
krillin_child_walk_b_g4	16	16	.BKNOSW	krillin
krillin_pod_idle_a	16	16	.DLMPRS	krillin
krillin_pod_idle_a_g0	16	16	.DLMPRS	krillin
krillin_pod_idle_a_g1	16	16	.DLMPRS	krillin
krillin_pod_idle_a_g3	16	16	.DLMPRS	krillin
krillin_pod_idle_a_g4	16	16	.DLMPRS	krillin
krillin_pod_idle_b	16	16	.DLMPRS	krillin
krillin_pod_idle_b_g0	16	16	.DLMPRS	krillin
krillin_pod_idle_b_g1	16	16	.DLMPRS	krillin
krillin_pod_idle_b_g3	16	16	.DLMPRS	krillin
krillin_pod_idle_b_g4	16	16	.DLMPRS	krillin
krillin_ssj_idle_a	16	16	.BOSWY	krillin
krillin_ssj_idle_a_g0	16	16	.BOSWY	krillin
krillin_ssj_idle_a_g1	16	16	.BOSWY	krillin
krillin_ssj_idle_a_g3	16	16	.BOSWY	krillin
krillin_ssj_idle_a_g4	16	16	.BOSWY	krillin
krillin_ssj_idle_b	16	16	.BOSWY	krillin
krillin_ssj_idle_b_g0	16	16	.BOSWY	krillin
krillin_ssj_idle_b_g1	16	16	.BOSWY	krillin
krillin_ssj_idle_b_g3	16	16	.BOSWY	krillin
krillin_ssj_idle_b_g4	16	16	.BOSWY	krillin
krillin_ssj_walk_a	16	16	.BOSWY	krillin
krillin_ssj_walk_a_g0	16	16	.BOSWY	krillin
krillin_ssj_walk_a_g1	16	16	.BOSWY	krillin
krillin_ssj_walk_a_g3	16	16	.BOSWY	krillin
krillin_ssj_walk_a_g4	16	16	.BOSWY	krillin
krillin_ssj_walk_b	16	16	.BOSWY	krillin
krillin_ssj_walk_b_g0	16	16	.BOSWY	krillin
krillin_ssj_walk_b_g1	16	16	.BOSWY	krillin
krillin_ssj_walk_b_g3	16	16	.BOSWY	krillin
krillin_ssj_walk_b_g4	16	16	.BOSWY	krillin
krillin_teen_neat_climb_a	16	16	.BKOSW	krillin
krillin_teen_neat_climb_a_g0	16	16	.BKOSW	krillin
krillin_teen_neat_climb_a_g1	16	16	.BKOSW	krillin
krillin_teen_neat_climb_a_g3	16	16	.BKOSW	krillin
krillin_teen_neat_climb_a_g4	16	16	.BKOSW	krillin
krillin_teen_neat_climb_b	16	16	.BKOSW	krillin
krillin_teen_neat_climb_b_g0	16	16	.BKOSW	krillin
krillin_teen_neat_climb_b_g1	16	16	.BKOSW	krillin
krillin_teen_neat_climb_b_g3	16	16	.BKOSW	krillin
krillin_teen_neat_climb_b_g4	16	16	.BKOSW	krillin
krillin_teen_neat_eat_a	16	16	.BKMOSWX	krillin
krillin_teen_neat_eat_a_g0	16	16	.BKMOSWX	krillin
krillin_teen_neat_eat_a_g1	16	16	.BKMOSWX	krillin
krillin_teen_neat_eat_a_g3	16	16	.BKMOSWX	krillin
krillin_teen_neat_eat_a_g4	16	16	.BKMOSWX	krillin
krillin_teen_neat_eat_b	16	16	.BKMOSWX	krillin
krillin_teen_neat_eat_b_g0	16	16	.BKMOSWX	krillin
krillin_teen_neat_eat_b_g1	16	16	.BKMOSWX	krillin
krillin_teen_neat_eat_b_g3	16	16	.BKMOSWX	krillin
krillin_teen_neat_eat_b_g4	16	16	.BKMOSWX	krillin
krillin_teen_neat_idle_a	16	16	.BKOSW	krillin
krillin_teen_neat_idle_a_g0	16	16	.BKOSW	krillin
krillin_teen_neat_idle_a_g1	16	16	.BKOSW	krillin
krillin_teen_neat_idle_a_g3	16	16	.BKOSW	krillin
krillin_teen_neat_idle_a_g4	16	16	.BKOSW	krillin
krillin_teen_neat_idle_b	16	16	.BKOSW	krillin
krillin_teen_neat_idle_b_g0	16	16	.BKOSW	krillin
krillin_teen_neat_idle_b_g1	16	16	.BKOSW	krillin
krillin_teen_neat_idle_b_g3	16	16	.BKOSW	krillin
krillin_teen_neat_idle_b_g4	16	16	.BKOSW	krillin
krillin_teen_neat_sleep_a	16	16	.BKMOSW	krillin
krillin_teen_neat_sleep_a_g0	16	16	.BKMOSW	krillin
krillin_teen_neat_sleep_a_g1	16	16	.BKMOSW	krillin
krillin_teen_neat_sleep_a_g3	16	16	.BKMOSW	krillin
krillin_teen_neat_sleep_a_g4	16	16	.BKMOSW	krillin
krillin_teen_neat_sleep_b	16	16	.BKMOSW	krillin
krillin_teen_neat_sleep_b_g0	16	16	.BKMOSW	krillin
krillin_teen_neat_sleep_b_g1	16	16	.BKMOSW	krillin
krillin_teen_neat_sleep_b_g3	16	16	.BKMOSW	krillin
krillin_teen_neat_sleep_b_g4	16	16	.BKMOSW	krillin
krillin_teen_neat_walk_a	16	16	.BKOSW	krillin
krillin_teen_neat_walk_a_g0	16	16	.BKOSW	krillin
krillin_teen_neat_walk_a_g1	16	16	.BKOSW	krillin
krillin_teen_neat_walk_a_g3	16	16	.BKOSW	krillin
krillin_teen_neat_walk_a_g4	16	16	.BKOSW	krillin
krillin_teen_neat_walk_b	16	16	.BKOSW	krillin
krillin_teen_neat_walk_b_g0	16	16	.BKOSW	krillin
krillin_teen_neat_walk_b_g1	16	16	.BKOSW	krillin
krillin_teen_neat_walk_b_g3	16	16	.BKOSW	krillin
krillin_teen_neat_walk_b_g4	16	16	.BKOSW	krillin
krillin_teen_scruffy_climb_a	16	16	.BKNOSW	krillin
krillin_teen_scruffy_climb_a_g0	16	16	.BKNOSW	krillin
krillin_teen_scruffy_climb_a_g1	16	16	.BKNOSW	krillin
krillin_teen_scruffy_climb_a_g3	16	16	.BKNOSW	krillin
krillin_teen_scruffy_climb_a_g4	16	16	.BKNOSW	krillin
krillin_teen_scruffy_climb_b	16	16	.BKNOSW	krillin
krillin_teen_scruffy_climb_b_g0	16	16	.BKNOSW	krillin
krillin_teen_scruffy_climb_b_g1	16	16	.BKNOSW	krillin
krillin_teen_scruffy_climb_b_g3	16	16	.BKNOSW	krillin
krillin_teen_scruffy_climb_b_g4	16	16	.BKNOSW	krillin
krillin_teen_scruffy_eat_a	16	16	.BKMNOSWX	krillin
krillin_teen_scruffy_eat_a_g0	16	16	.BKMNOSWX	krillin
krillin_teen_scruffy_eat_a_g1	16	16	.BKMNOSWX	krillin
krillin_teen_scruffy_eat_a_g3	16	16	.BKMNOSWX	krillin
krillin_teen_scruffy_eat_a_g4	16	16	.BKMNOSWX	krillin
krillin_teen_scruffy_eat_b	16	16	.BKMNOSWX	krillin
krillin_teen_scruffy_eat_b_g0	16	16	.BKMNOSWX	krillin
krillin_teen_scruffy_eat_b_g1	16	16	.BKMNOSWX	krillin
krillin_teen_scruffy_eat_b_g3	16	16	.BKMNOSWX	krillin
krillin_teen_scruffy_eat_b_g4	16	16	.BKMNOSWX	krillin
krillin_teen_scruffy_idle_a	16	16	.BKNOSW	krillin
krillin_teen_scruffy_idle_a_g0	16	16	.BKNOSW	krillin
krillin_teen_scruffy_idle_a_g1	16	16	.BKNOSW	krillin
krillin_teen_scruffy_idle_a_g3	16	16	.BKNOSW	krillin
krillin_teen_scruffy_idle_a_g4	16	16	.BKNOSW	krillin
krillin_teen_scruffy_idle_b	16	16	.BKNOSW	krillin
krillin_teen_scruffy_idle_b_g0	16	16	.BKNOSW	krillin
krillin_teen_scruffy_idle_b_g1	16	16	.BKNOSW	krillin
krillin_teen_scruffy_idle_b_g3	16	16	.BKNOSW	krillin
krillin_teen_scruffy_idle_b_g4	16	16	.BKNOSW	krillin
krillin_teen_scruffy_sleep_a	16	16	.BKMNOSW	krillin
krillin_teen_scruffy_sleep_a_g0	16	16	.BKMNOSW	krillin
krillin_teen_scruffy_sleep_a_g1	16	16	.BKMNOSW	krillin
krillin_teen_scruffy_sleep_a_g3	16	16	.BKMNOSW	krillin
krillin_teen_scruffy_sleep_a_g4	16	16	.BKMNOSW	krillin
krillin_teen_scruffy_sleep_b	16	16	.BKMNOSW	krillin
krillin_teen_scruffy_sleep_b_g0	16	16	.BKMNOSW	krillin
krillin_teen_scruffy_sleep_b_g1	16	16	.BKMNOSW	krillin
krillin_teen_scruffy_sleep_b_g3	16	16	.BKMNOSW	krillin
krillin_teen_scruffy_sleep_b_g4	16	16	.BKMNOSW	krillin
krillin_teen_scruffy_walk_a	16	16	.BKNOSW	krillin
krillin_teen_scruffy_walk_a_g0	16	16	.BKNOSW	krillin
krillin_teen_scruffy_walk_a_g1	16	16	.BKNOSW	krillin
krillin_teen_scruffy_walk_a_g3	16	16	.BKNOSW	krillin
krillin_teen_scruffy_walk_a_g4	16	16	.BKNOSW	krillin
krillin_teen_scruffy_walk_b	16	16	.BKNOSW	krillin
krillin_teen_scruffy_walk_b_g0	16	16	.BKNOSW	krillin
krillin_teen_scruffy_walk_b_g1	16	16	.BKNOSW	krillin
krillin_teen_scruffy_walk_b_g3	16	16	.BKNOSW	krillin
krillin_teen_scruffy_walk_b_g4	16	16	.BKNOSW	krillin
krillin_ui_idle_a	16	16	.BGOSW	krillin
krillin_ui_idle_a_g0	16	16	.BGOSW	krillin
krillin_ui_idle_a_g1	16	16	.BGOSW	krillin
krillin_ui_idle_a_g3	16	16	.BGOSW	krillin
krillin_ui_idle_a_g4	16	16	.BGOSW	krillin
krillin_ui_idle_b	16	16	.BGOSW	krillin
krillin_ui_idle_b_g0	16	16	.BGOSW	krillin
krillin_ui_idle_b_g1	16	16	.BGOSW	krillin
krillin_ui_idle_b_g3	16	16	.BGOSW	krillin
krillin_ui_idle_b_g4	16	16	.BGOSW	krillin
krillin_ui_walk_a	16	16	.BGOSW	krillin
krillin_ui_walk_a_g0	16	16	.BGOSW	krillin
krillin_ui_walk_a_g1	16	16	.BGOSW	krillin
krillin_ui_walk_a_g3	16	16	.BGOSW	krillin
krillin_ui_walk_a_g4	16	16	.BGOSW	krillin
krillin_ui_walk_b	16	16	.BGOSW	krillin
krillin_ui_walk_b_g0	16	16	.BGOSW	krillin
krillin_ui_walk_b_g1	16	16	.BGOSW	krillin
krillin_ui_walk_b_g3	16	16	.BGOSW	krillin
krillin_ui_walk_b_g4	16	16	.BGOSW	krillin
piccolo_adult_ace_climb_a	16	16	.BKOSW	piccolo
piccolo_adult_ace_climb_a_g0	16	16	.BKOSW	piccolo
piccolo_adult_ace_climb_a_g1	16	16	.BKOSW	piccolo
piccolo_adult_ace_climb_a_g3	16	16	.BKOSW	piccolo
piccolo_adult_ace_climb_a_g4	16	16	.BKOSW	piccolo
piccolo_adult_ace_climb_b	16	16	.BKOSW	piccolo
piccolo_adult_ace_climb_b_g0	16	16	.BKOSW	piccolo
piccolo_adult_ace_climb_b_g1	16	16	.BKOSW	piccolo
piccolo_adult_ace_climb_b_g3	16	16	.BKOSW	piccolo
piccolo_adult_ace_climb_b_g4	16	16	.BKOSW	piccolo
piccolo_adult_ace_eat_a	16	16	.BKMOSWX	piccolo
piccolo_adult_ace_eat_a_g0	16	16	.BKMOSWX	piccolo
piccolo_adult_ace_eat_a_g1	16	16	.BKMOSWX	piccolo
piccolo_adult_ace_eat_a_g3	16	16	.BKMOSWX	piccolo
piccolo_adult_ace_eat_a_g4	16	16	.BKMOSWX	piccolo
piccolo_adult_ace_eat_b	16	16	.BKMOSWX	piccolo
piccolo_adult_ace_eat_b_g0	16	16	.BKMOSWX	piccolo
piccolo_adult_ace_eat_b_g1	16	16	.BKMOSWX	piccolo
piccolo_adult_ace_eat_b_g3	16	16	.BKMOSWX	piccolo
piccolo_adult_ace_eat_b_g4	16	16	.BKMOSWX	piccolo
piccolo_adult_ace_idle_a	16	16	.BKOSW	piccolo
piccolo_adult_ace_idle_a_g0	16	16	.BKOSW	piccolo
piccolo_adult_ace_idle_a_g1	16	16	.BKOSW	piccolo
piccolo_adult_ace_idle_a_g3	16	16	.BKOSW	piccolo
piccolo_adult_ace_idle_a_g4	16	16	.BKOSW	piccolo
piccolo_adult_ace_idle_b	16	16	.BKOSW	piccolo
piccolo_adult_ace_idle_b_g0	16	16	.BKOSW	piccolo
piccolo_adult_ace_idle_b_g1	16	16	.BKOSW	piccolo
piccolo_adult_ace_idle_b_g3	16	16	.BKOSW	piccolo
piccolo_adult_ace_idle_b_g4	16	16	.BKOSW	piccolo
piccolo_adult_ace_sleep_a	16	16	.BKMOSW	piccolo
piccolo_adult_ace_sleep_a_g0	16	16	.BKMOSW	piccolo
piccolo_adult_ace_sleep_a_g1	16	16	.BKMOSW	piccolo
piccolo_adult_ace_sleep_a_g3	16	16	.BKMOSW	piccolo
piccolo_adult_ace_sleep_a_g4	16	16	.BKMOSW	piccolo
piccolo_adult_ace_sleep_b	16	16	.BKMOSW	piccolo
piccolo_adult_ace_sleep_b_g0	16	16	.BKMOSW	piccolo
piccolo_adult_ace_sleep_b_g1	16	16	.BKMOSW	piccolo
piccolo_adult_ace_sleep_b_g3	16	16	.BKMOSW	piccolo
piccolo_adult_ace_sleep_b_g4	16	16	.BKMOSW	piccolo
piccolo_adult_ace_walk_a	16	16	.BKOSW	piccolo
piccolo_adult_ace_walk_a_g0	16	16	.BKOSW	piccolo
piccolo_adult_ace_walk_a_g1	16	16	.BKOSW	piccolo
piccolo_adult_ace_walk_a_g3	16	16	.BKOSW	piccolo
piccolo_adult_ace_walk_a_g4	16	16	.BKOSW	piccolo
piccolo_adult_ace_walk_b	16	16	.BKOSW	piccolo
piccolo_adult_ace_walk_b_g0	16	16	.BKOSW	piccolo
piccolo_adult_ace_walk_b_g1	16	16	.BKOSW	piccolo
piccolo_adult_ace_walk_b_g3	16	16	.BKOSW	piccolo
piccolo_adult_ace_walk_b_g4	16	16	.BKOSW	piccolo
piccolo_adult_gremlin_climb_a	16	16	.BKORSW	piccolo
piccolo_adult_gremlin_climb_a_g0	16	16	.BKORSW	piccolo
piccolo_adult_gremlin_climb_a_g1	16	16	.BKORSW	piccolo
piccolo_adult_gremlin_climb_a_g3	16	16	.BKORSW	piccolo
piccolo_adult_gremlin_climb_a_g4	16	16	.BKORSW	piccolo
piccolo_adult_gremlin_climb_b	16	16	.BKORSW	piccolo
piccolo_adult_gremlin_climb_b_g0	16	16	.BKORSW	piccolo
piccolo_adult_gremlin_climb_b_g1	16	16	.BKORSW	piccolo
piccolo_adult_gremlin_climb_b_g3	16	16	.BKORSW	piccolo
piccolo_adult_gremlin_climb_b_g4	16	16	.BKORSW	piccolo
piccolo_adult_gremlin_eat_a	16	16	.BKMORSWX	piccolo
piccolo_adult_gremlin_eat_a_g0	16	16	.BKMORSWX	piccolo
piccolo_adult_gremlin_eat_a_g1	16	16	.BKMORSWX	piccolo
piccolo_adult_gremlin_eat_a_g3	16	16	.BKMORSWX	piccolo
piccolo_adult_gremlin_eat_a_g4	16	16	.BKMORSWX	piccolo
piccolo_adult_gremlin_eat_b	16	16	.BKMORSWX	piccolo
piccolo_adult_gremlin_eat_b_g0	16	16	.BKMORSWX	piccolo
piccolo_adult_gremlin_eat_b_g1	16	16	.BKMORSWX	piccolo
piccolo_adult_gremlin_eat_b_g3	16	16	.BKMORSWX	piccolo
piccolo_adult_gremlin_eat_b_g4	16	16	.BKMORSWX	piccolo
piccolo_adult_gremlin_idle_a	16	16	.BKORSW	piccolo
piccolo_adult_gremlin_idle_a_g0	16	16	.BKORSW	piccolo
piccolo_adult_gremlin_idle_a_g1	16	16	.BKORSW	piccolo
piccolo_adult_gremlin_idle_a_g3	16	16	.BKORSW	piccolo
piccolo_adult_gremlin_idle_a_g4	16	16	.BKORSW	piccolo
piccolo_adult_gremlin_idle_b	16	16	.BKORSW	piccolo
piccolo_adult_gremlin_idle_b_g0	16	16	.BKORSW	piccolo
piccolo_adult_gremlin_idle_b_g1	16	16	.BKORSW	piccolo
piccolo_adult_gremlin_idle_b_g3	16	16	.BKORSW	piccolo
piccolo_adult_gremlin_idle_b_g4	16	16	.BKORSW	piccolo
piccolo_adult_gremlin_sleep_a	16	16	.BKORSW	piccolo
piccolo_adult_gremlin_sleep_a_g0	16	16	.BKORSW	piccolo
piccolo_adult_gremlin_sleep_a_g1	16	16	.BKORSW	piccolo
piccolo_adult_gremlin_sleep_a_g3	16	16	.BKORSW	piccolo
piccolo_adult_gremlin_sleep_a_g4	16	16	.BKORSW	piccolo
piccolo_adult_gremlin_sleep_b	16	16	.BKORSW	piccolo
piccolo_adult_gremlin_sleep_b_g0	16	16	.BKORSW	piccolo
piccolo_adult_gremlin_sleep_b_g1	16	16	.BKORSW	piccolo
piccolo_adult_gremlin_sleep_b_g3	16	16	.BKORSW	piccolo
piccolo_adult_gremlin_sleep_b_g4	16	16	.BKORSW	piccolo
piccolo_adult_gremlin_walk_a	16	16	.BKORSW	piccolo
piccolo_adult_gremlin_walk_a_g0	16	16	.BKORSW	piccolo
piccolo_adult_gremlin_walk_a_g1	16	16	.BKORSW	piccolo
piccolo_adult_gremlin_walk_a_g3	16	16	.BKORSW	piccolo
piccolo_adult_gremlin_walk_a_g4	16	16	.BKORSW	piccolo
piccolo_adult_gremlin_walk_b	16	16	.BKORSW	piccolo
piccolo_adult_gremlin_walk_b_g0	16	16	.BKORSW	piccolo
piccolo_adult_gremlin_walk_b_g1	16	16	.BKORSW	piccolo
piccolo_adult_gremlin_walk_b_g3	16	16	.BKORSW	piccolo
piccolo_adult_gremlin_walk_b_g4	16	16	.BKORSW	piccolo
piccolo_adult_ok_climb_a	16	16	.BDKPSW	piccolo
piccolo_adult_ok_climb_a_g0	16	16	.BDKPSW	piccolo
piccolo_adult_ok_climb_a_g1	16	16	.BDKPSW	piccolo
piccolo_adult_ok_climb_a_g3	16	16	.BDKPSW	piccolo
piccolo_adult_ok_climb_a_g4	16	16	.BDKPSW	piccolo
piccolo_adult_ok_climb_b	16	16	.BDKPSW	piccolo
piccolo_adult_ok_climb_b_g0	16	16	.BDKPSW	piccolo
piccolo_adult_ok_climb_b_g1	16	16	.BDKPSW	piccolo
piccolo_adult_ok_climb_b_g3	16	16	.BDKPSW	piccolo
piccolo_adult_ok_climb_b_g4	16	16	.BDKPSW	piccolo
piccolo_adult_ok_eat_a	16	16	.BDKMPSWX	piccolo
piccolo_adult_ok_eat_a_g0	16	16	.BDKMPSWX	piccolo
piccolo_adult_ok_eat_a_g1	16	16	.BDKMPSWX	piccolo
piccolo_adult_ok_eat_a_g3	16	16	.BDKMPSWX	piccolo
piccolo_adult_ok_eat_a_g4	16	16	.BDKMPSWX	piccolo
piccolo_adult_ok_eat_b	16	16	.BDKMPSWX	piccolo
piccolo_adult_ok_eat_b_g0	16	16	.BDKMPSWX	piccolo
piccolo_adult_ok_eat_b_g1	16	16	.BDKMPSWX	piccolo
piccolo_adult_ok_eat_b_g3	16	16	.BDKMPSWX	piccolo
piccolo_adult_ok_eat_b_g4	16	16	.BDKMPSWX	piccolo
piccolo_adult_ok_idle_a	16	16	.BDKPSW	piccolo
piccolo_adult_ok_idle_a_g0	16	16	.BDKPSW	piccolo
piccolo_adult_ok_idle_a_g1	16	16	.BDKPSW	piccolo
piccolo_adult_ok_idle_a_g3	16	16	.BDKPSW	piccolo
piccolo_adult_ok_idle_a_g4	16	16	.BDKPSW	piccolo
piccolo_adult_ok_idle_b	16	16	.BDKPSW	piccolo
piccolo_adult_ok_idle_b_g0	16	16	.BDKPSW	piccolo
piccolo_adult_ok_idle_b_g1	16	16	.BDKPSW	piccolo
piccolo_adult_ok_idle_b_g3	16	16	.BDKPSW	piccolo
piccolo_adult_ok_idle_b_g4	16	16	.BDKPSW	piccolo
piccolo_adult_ok_sleep_a	16	16	.BDKMOPSW	piccolo
piccolo_adult_ok_sleep_a_g0	16	16	.BDKMOPSW	piccolo
piccolo_adult_ok_sleep_a_g1	16	16	.BDKMOPSW	piccolo
piccolo_adult_ok_sleep_a_g3	16	16	.BDKMOPSW	piccolo
piccolo_adult_ok_sleep_a_g4	16	16	.BDKMOPSW	piccolo
piccolo_adult_ok_sleep_b	16	16	.BDKMOPSW	piccolo
piccolo_adult_ok_sleep_b_g0	16	16	.BDKMOPSW	piccolo
piccolo_adult_ok_sleep_b_g1	16	16	.BDKMOPSW	piccolo
piccolo_adult_ok_sleep_b_g3	16	16	.BDKMOPSW	piccolo
piccolo_adult_ok_sleep_b_g4	16	16	.BDKMOPSW	piccolo
piccolo_adult_ok_walk_a	16	16	.BDKPSW	piccolo
piccolo_adult_ok_walk_a_g0	16	16	.BDKPSW	piccolo
piccolo_adult_ok_walk_a_g1	16	16	.BDKPSW	piccolo
piccolo_adult_ok_walk_a_g3	16	16	.BDKPSW	piccolo
piccolo_adult_ok_walk_a_g4	16	16	.BDKPSW	piccolo
piccolo_adult_ok_walk_b	16	16	.BDKPSW	piccolo
piccolo_adult_ok_walk_b_g0	16	16	.BDKPSW	piccolo
piccolo_adult_ok_walk_b_g1	16	16	.BDKPSW	piccolo
piccolo_adult_ok_walk_b_g3	16	16	.BDKPSW	piccolo
piccolo_adult_ok_walk_b_g4	16	16	.BDKPSW	piccolo
piccolo_baby_eat_a	16	16	.KMOSWX	piccolo
piccolo_baby_eat_a_g0	16	16	.KMOSWX	piccolo
piccolo_baby_eat_a_g1	16	16	.KMOSWX	piccolo
piccolo_baby_eat_a_g3	16	16	.KMOSWX	piccolo
piccolo_baby_eat_a_g4	16	16	.KMOSWX	piccolo
piccolo_baby_eat_b	16	16	.KMOSWX	piccolo
piccolo_baby_eat_b_g0	16	16	.KMOSWX	piccolo
piccolo_baby_eat_b_g1	16	16	.KMOSWX	piccolo
piccolo_baby_eat_b_g3	16	16	.KMOSWX	piccolo
piccolo_baby_eat_b_g4	16	16	.KMOSWX	piccolo
piccolo_baby_idle_a	16	16	.BKNOSW	piccolo
piccolo_baby_idle_a_g0	16	16	.BKNOSW	piccolo
piccolo_baby_idle_a_g1	16	16	.BKNOSW	piccolo
piccolo_baby_idle_a_g3	16	16	.BKNOSW	piccolo
piccolo_baby_idle_a_g4	16	16	.BKNOSW	piccolo
piccolo_baby_idle_b	16	16	.BKNOSW	piccolo
piccolo_baby_idle_b_g0	16	16	.BKNOSW	piccolo
piccolo_baby_idle_b_g1	16	16	.BKNOSW	piccolo
piccolo_baby_idle_b_g3	16	16	.BKNOSW	piccolo
piccolo_baby_idle_b_g4	16	16	.BKNOSW	piccolo
piccolo_baby_sleep_a	16	16	.BKMNOSW	piccolo
piccolo_baby_sleep_a_g0	16	16	.BKMNOSW	piccolo
piccolo_baby_sleep_a_g1	16	16	.BKMNOSW	piccolo
piccolo_baby_sleep_a_g3	16	16	.BKMNOSW	piccolo
piccolo_baby_sleep_a_g4	16	16	.BKMNOSW	piccolo
piccolo_baby_sleep_b	16	16	.BKMNOSW	piccolo
piccolo_baby_sleep_b_g0	16	16	.BKMNOSW	piccolo
piccolo_baby_sleep_b_g1	16	16	.BKMNOSW	piccolo
piccolo_baby_sleep_b_g3	16	16	.BKMNOSW	piccolo
piccolo_baby_sleep_b_g4	16	16	.BKMNOSW	piccolo
piccolo_blue_idle_a	16	16	.BCOSW	piccolo
piccolo_blue_idle_a_g0	16	16	.BCOSW	piccolo
piccolo_blue_idle_a_g1	16	16	.BCOSW	piccolo
piccolo_blue_idle_a_g3	16	16	.BCOSW	piccolo
piccolo_blue_idle_a_g4	16	16	.BCOSW	piccolo
piccolo_blue_idle_b	16	16	.BCOSW	piccolo
piccolo_blue_idle_b_g0	16	16	.BCOSW	piccolo
piccolo_blue_idle_b_g1	16	16	.BCOSW	piccolo
piccolo_blue_idle_b_g3	16	16	.BCOSW	piccolo
piccolo_blue_idle_b_g4	16	16	.BCOSW	piccolo
piccolo_blue_walk_a	16	16	.BCOSW	piccolo
piccolo_blue_walk_a_g0	16	16	.BCOSW	piccolo
piccolo_blue_walk_a_g1	16	16	.BCOSW	piccolo
piccolo_blue_walk_a_g3	16	16	.BCOSW	piccolo
piccolo_blue_walk_a_g4	16	16	.BCOSW	piccolo
piccolo_blue_walk_b	16	16	.BCOSW	piccolo
piccolo_blue_walk_b_g0	16	16	.BCOSW	piccolo
piccolo_blue_walk_b_g1	16	16	.BCOSW	piccolo
piccolo_blue_walk_b_g3	16	16	.BCOSW	piccolo
piccolo_blue_walk_b_g4	16	16	.BCOSW	piccolo
piccolo_child_climb_a	16	16	.BKNOSW	piccolo
piccolo_child_climb_a_g0	16	16	.BKNOSW	piccolo
piccolo_child_climb_a_g1	16	16	.BKNOSW	piccolo
piccolo_child_climb_a_g3	16	16	.BKNOSW	piccolo
piccolo_child_climb_a_g4	16	16	.BKNOSW	piccolo
piccolo_child_climb_b	16	16	.BKNOSW	piccolo
piccolo_child_climb_b_g0	16	16	.BKNOSW	piccolo
piccolo_child_climb_b_g1	16	16	.BKNOSW	piccolo
piccolo_child_climb_b_g3	16	16	.BKNOSW	piccolo
piccolo_child_climb_b_g4	16	16	.BKNOSW	piccolo
piccolo_child_eat_a	16	16	.BKMOSWX	piccolo
piccolo_child_eat_a_g0	16	16	.BKMOSWX	piccolo
piccolo_child_eat_a_g1	16	16	.BKMOSWX	piccolo
piccolo_child_eat_a_g3	16	16	.BKMOSWX	piccolo
piccolo_child_eat_a_g4	16	16	.BKMOSWX	piccolo
piccolo_child_eat_b	16	16	.BKMOSWX	piccolo
piccolo_child_eat_b_g0	16	16	.BKMOSWX	piccolo
piccolo_child_eat_b_g1	16	16	.BKMOSWX	piccolo
piccolo_child_eat_b_g3	16	16	.BKMOSWX	piccolo
piccolo_child_eat_b_g4	16	16	.BKMOSWX	piccolo
piccolo_child_idle_a	16	16	.BKNOSW	piccolo
piccolo_child_idle_a_g0	16	16	.BKNOSW	piccolo
piccolo_child_idle_a_g1	16	16	.BKNOSW	piccolo
piccolo_child_idle_a_g3	16	16	.BKNOSW	piccolo
piccolo_child_idle_a_g4	16	16	.BKNOSW	piccolo
piccolo_child_idle_b	16	16	.BKNOSW	piccolo
piccolo_child_idle_b_g0	16	16	.BKNOSW	piccolo
piccolo_child_idle_b_g1	16	16	.BKNOSW	piccolo
piccolo_child_idle_b_g3	16	16	.BKNOSW	piccolo
piccolo_child_idle_b_g4	16	16	.BKNOSW	piccolo
piccolo_child_sleep_a	16	16	.BKMNOSW	piccolo
piccolo_child_sleep_a_g0	16	16	.BKMNOSW	piccolo
piccolo_child_sleep_a_g1	16	16	.BKMNOSW	piccolo
piccolo_child_sleep_a_g3	16	16	.BKMNOSW	piccolo
piccolo_child_sleep_a_g4	16	16	.BKMNOSW	piccolo
piccolo_child_sleep_b	16	16	.BKMNOSW	piccolo
piccolo_child_sleep_b_g0	16	16	.BKMNOSW	piccolo
piccolo_child_sleep_b_g1	16	16	.BKMNOSW	piccolo
piccolo_child_sleep_b_g3	16	16	.BKMNOSW	piccolo
piccolo_child_sleep_b_g4	16	16	.BKMNOSW	piccolo
piccolo_child_walk_a	16	16	.BKNOSW	piccolo
piccolo_child_walk_a_g0	16	16	.BKNOSW	piccolo
piccolo_child_walk_a_g1	16	16	.BKNOSW	piccolo
piccolo_child_walk_a_g3	16	16	.BKNOSW	piccolo
piccolo_child_walk_a_g4	16	16	.BKNOSW	piccolo
piccolo_child_walk_b	16	16	.BKNOSW	piccolo
piccolo_child_walk_b_g0	16	16	.BKNOSW	piccolo
piccolo_child_walk_b_g1	16	16	.BKNOSW	piccolo
piccolo_child_walk_b_g3	16	16	.BKNOSW	piccolo
piccolo_child_walk_b_g4	16	16	.BKNOSW	piccolo
piccolo_pod_idle_a	16	16	.DLMPRS	piccolo
piccolo_pod_idle_a_g0	16	16	.DLMPRS	piccolo
piccolo_pod_idle_a_g1	16	16	.DLMPRS	piccolo
piccolo_pod_idle_a_g3	16	16	.DLMPRS	piccolo
piccolo_pod_idle_a_g4	16	16	.DLMPRS	piccolo
piccolo_pod_idle_b	16	16	.DLMPRS	piccolo
piccolo_pod_idle_b_g0	16	16	.DLMPRS	piccolo
piccolo_pod_idle_b_g1	16	16	.DLMPRS	piccolo
piccolo_pod_idle_b_g3	16	16	.DLMPRS	piccolo
piccolo_pod_idle_b_g4	16	16	.DLMPRS	piccolo
piccolo_ssj_idle_a	16	16	.BOSWY	piccolo
piccolo_ssj_idle_a_g0	16	16	.BOSWY	piccolo
piccolo_ssj_idle_a_g1	16	16	.BOSWY	piccolo
piccolo_ssj_idle_a_g3	16	16	.BOSWY	piccolo
piccolo_ssj_idle_a_g4	16	16	.BOSWY	piccolo
piccolo_ssj_idle_b	16	16	.BOSWY	piccolo
piccolo_ssj_idle_b_g0	16	16	.BOSWY	piccolo
piccolo_ssj_idle_b_g1	16	16	.BOSWY	piccolo
piccolo_ssj_idle_b_g3	16	16	.BOSWY	piccolo
piccolo_ssj_idle_b_g4	16	16	.BOSWY	piccolo
piccolo_ssj_walk_a	16	16	.BOSWY	piccolo
piccolo_ssj_walk_a_g0	16	16	.BOSWY	piccolo
piccolo_ssj_walk_a_g1	16	16	.BOSWY	piccolo
piccolo_ssj_walk_a_g3	16	16	.BOSWY	piccolo
piccolo_ssj_walk_a_g4	16	16	.BOSWY	piccolo
piccolo_ssj_walk_b	16	16	.BOSWY	piccolo
piccolo_ssj_walk_b_g0	16	16	.BOSWY	piccolo
piccolo_ssj_walk_b_g1	16	16	.BOSWY	piccolo
piccolo_ssj_walk_b_g3	16	16	.BOSWY	piccolo
piccolo_ssj_walk_b_g4	16	16	.BOSWY	piccolo
piccolo_teen_neat_climb_a	16	16	.BKOSW	piccolo
piccolo_teen_neat_climb_a_g0	16	16	.BKOSW	piccolo
piccolo_teen_neat_climb_a_g1	16	16	.BKOSW	piccolo
piccolo_teen_neat_climb_a_g3	16	16	.BKOSW	piccolo
piccolo_teen_neat_climb_a_g4	16	16	.BKOSW	piccolo
piccolo_teen_neat_climb_b	16	16	.BKOSW	piccolo
piccolo_teen_neat_climb_b_g0	16	16	.BKOSW	piccolo
piccolo_teen_neat_climb_b_g1	16	16	.BKOSW	piccolo
piccolo_teen_neat_climb_b_g3	16	16	.BKOSW	piccolo
piccolo_teen_neat_climb_b_g4	16	16	.BKOSW	piccolo
piccolo_teen_neat_eat_a	16	16	.BKMOSWX	piccolo
piccolo_teen_neat_eat_a_g0	16	16	.BKMOSWX	piccolo
piccolo_teen_neat_eat_a_g1	16	16	.BKMOSWX	piccolo
piccolo_teen_neat_eat_a_g3	16	16	.BKMOSWX	piccolo
piccolo_teen_neat_eat_a_g4	16	16	.BKMOSWX	piccolo
piccolo_teen_neat_eat_b	16	16	.BKMOSWX	piccolo
piccolo_teen_neat_eat_b_g0	16	16	.BKMOSWX	piccolo
piccolo_teen_neat_eat_b_g1	16	16	.BKMOSWX	piccolo
piccolo_teen_neat_eat_b_g3	16	16	.BKMOSWX	piccolo
piccolo_teen_neat_eat_b_g4	16	16	.BKMOSWX	piccolo
piccolo_teen_neat_idle_a	16	16	.BKOSW	piccolo
piccolo_teen_neat_idle_a_g0	16	16	.BKOSW	piccolo
piccolo_teen_neat_idle_a_g1	16	16	.BKOSW	piccolo
piccolo_teen_neat_idle_a_g3	16	16	.BKOSW	piccolo
piccolo_teen_neat_idle_a_g4	16	16	.BKOSW	piccolo
piccolo_teen_neat_idle_b	16	16	.BKOSW	piccolo
piccolo_teen_neat_idle_b_g0	16	16	.BKOSW	piccolo
piccolo_teen_neat_idle_b_g1	16	16	.BKOSW	piccolo
piccolo_teen_neat_idle_b_g3	16	16	.BKOSW	piccolo
piccolo_teen_neat_idle_b_g4	16	16	.BKOSW	piccolo
piccolo_teen_neat_sleep_a	16	16	.BKMOSW	piccolo
piccolo_teen_neat_sleep_a_g0	16	16	.BKMOSW	piccolo
piccolo_teen_neat_sleep_a_g1	16	16	.BKMOSW	piccolo
piccolo_teen_neat_sleep_a_g3	16	16	.BKMOSW	piccolo
piccolo_teen_neat_sleep_a_g4	16	16	.BKMOSW	piccolo
piccolo_teen_neat_sleep_b	16	16	.BKMOSW	piccolo
piccolo_teen_neat_sleep_b_g0	16	16	.BKMOSW	piccolo
piccolo_teen_neat_sleep_b_g1	16	16	.BKMOSW	piccolo
piccolo_teen_neat_sleep_b_g3	16	16	.BKMOSW	piccolo
piccolo_teen_neat_sleep_b_g4	16	16	.BKMOSW	piccolo
piccolo_teen_neat_walk_a	16	16	.BKOSW	piccolo
piccolo_teen_neat_walk_a_g0	16	16	.BKOSW	piccolo
piccolo_teen_neat_walk_a_g1	16	16	.BKOSW	piccolo
piccolo_teen_neat_walk_a_g3	16	16	.BKOSW	piccolo
piccolo_teen_neat_walk_a_g4	16	16	.BKOSW	piccolo
piccolo_teen_neat_walk_b	16	16	.BKOSW	piccolo
piccolo_teen_neat_walk_b_g0	16	16	.BKOSW	piccolo
piccolo_teen_neat_walk_b_g1	16	16	.BKOSW	piccolo
piccolo_teen_neat_walk_b_g3	16	16	.BKOSW	piccolo
piccolo_teen_neat_walk_b_g4	16	16	.BKOSW	piccolo
piccolo_teen_scruffy_climb_a	16	16	.BKNOSW	piccolo
piccolo_teen_scruffy_climb_a_g0	16	16	.BKNOSW	piccolo
piccolo_teen_scruffy_climb_a_g1	16	16	.BKNOSW	piccolo
piccolo_teen_scruffy_climb_a_g3	16	16	.BKNOSW	piccolo
piccolo_teen_scruffy_climb_a_g4	16	16	.BKNOSW	piccolo
piccolo_teen_scruffy_climb_b	16	16	.BKNOSW	piccolo
piccolo_teen_scruffy_climb_b_g0	16	16	.BKNOSW	piccolo
piccolo_teen_scruffy_climb_b_g1	16	16	.BKNOSW	piccolo
piccolo_teen_scruffy_climb_b_g3	16	16	.BKNOSW	piccolo
piccolo_teen_scruffy_climb_b_g4	16	16	.BKNOSW	piccolo
piccolo_teen_scruffy_eat_a	16	16	.BKMNOSWX	piccolo
piccolo_teen_scruffy_eat_a_g0	16	16	.BKMNOSWX	piccolo
piccolo_teen_scruffy_eat_a_g1	16	16	.BKMNOSWX	piccolo
piccolo_teen_scruffy_eat_a_g3	16	16	.BKMNOSWX	piccolo
piccolo_teen_scruffy_eat_a_g4	16	16	.BKMNOSWX	piccolo
piccolo_teen_scruffy_eat_b	16	16	.BKMNOSWX	piccolo
piccolo_teen_scruffy_eat_b_g0	16	16	.BKMNOSWX	piccolo
piccolo_teen_scruffy_eat_b_g1	16	16	.BKMNOSWX	piccolo
piccolo_teen_scruffy_eat_b_g3	16	16	.BKMNOSWX	piccolo
piccolo_teen_scruffy_eat_b_g4	16	16	.BKMNOSWX	piccolo
piccolo_teen_scruffy_idle_a	16	16	.BKNOSW	piccolo
piccolo_teen_scruffy_idle_a_g0	16	16	.BKNOSW	piccolo
piccolo_teen_scruffy_idle_a_g1	16	16	.BKNOSW	piccolo
piccolo_teen_scruffy_idle_a_g3	16	16	.BKNOSW	piccolo
piccolo_teen_scruffy_idle_a_g4	16	16	.BKNOSW	piccolo
piccolo_teen_scruffy_idle_b	16	16	.BKNOSW	piccolo
piccolo_teen_scruffy_idle_b_g0	16	16	.BKNOSW	piccolo
piccolo_teen_scruffy_idle_b_g1	16	16	.BKNOSW	piccolo
piccolo_teen_scruffy_idle_b_g3	16	16	.BKNOSW	piccolo
piccolo_teen_scruffy_idle_b_g4	16	16	.BKNOSW	piccolo
piccolo_teen_scruffy_sleep_a	16	16	.BKMNOSW	piccolo
piccolo_teen_scruffy_sleep_a_g0	16	16	.BKMNOSW	piccolo
piccolo_teen_scruffy_sleep_a_g1	16	16	.BKMNOSW	piccolo
piccolo_teen_scruffy_sleep_a_g3	16	16	.BKMNOSW	piccolo
piccolo_teen_scruffy_sleep_a_g4	16	16	.BKMNOSW	piccolo
piccolo_teen_scruffy_sleep_b	16	16	.BKMNOSW	piccolo
piccolo_teen_scruffy_sleep_b_g0	16	16	.BKMNOSW	piccolo
piccolo_teen_scruffy_sleep_b_g1	16	16	.BKMNOSW	piccolo
piccolo_teen_scruffy_sleep_b_g3	16	16	.BKMNOSW	piccolo
piccolo_teen_scruffy_sleep_b_g4	16	16	.BKMNOSW	piccolo
piccolo_teen_scruffy_walk_a	16	16	.BKNOSW	piccolo
piccolo_teen_scruffy_walk_a_g0	16	16	.BKNOSW	piccolo
piccolo_teen_scruffy_walk_a_g1	16	16	.BKNOSW	piccolo
piccolo_teen_scruffy_walk_a_g3	16	16	.BKNOSW	piccolo
piccolo_teen_scruffy_walk_a_g4	16	16	.BKNOSW	piccolo
piccolo_teen_scruffy_walk_b	16	16	.BKNOSW	piccolo
piccolo_teen_scruffy_walk_b_g0	16	16	.BKNOSW	piccolo
piccolo_teen_scruffy_walk_b_g1	16	16	.BKNOSW	piccolo
piccolo_teen_scruffy_walk_b_g3	16	16	.BKNOSW	piccolo
piccolo_teen_scruffy_walk_b_g4	16	16	.BKNOSW	piccolo
piccolo_ui_idle_a	16	16	.BGOSW	piccolo
piccolo_ui_idle_a_g0	16	16	.BGOSW	piccolo
piccolo_ui_idle_a_g1	16	16	.BGOSW	piccolo
piccolo_ui_idle_a_g3	16	16	.BGOSW	piccolo
piccolo_ui_idle_a_g4	16	16	.BGOSW	piccolo
piccolo_ui_idle_b	16	16	.BGOSW	piccolo
piccolo_ui_idle_b_g0	16	16	.BGOSW	piccolo
piccolo_ui_idle_b_g1	16	16	.BGOSW	piccolo
piccolo_ui_idle_b_g3	16	16	.BGOSW	piccolo
piccolo_ui_idle_b_g4	16	16	.BGOSW	piccolo
piccolo_ui_walk_a	16	16	.BGOSW	piccolo
piccolo_ui_walk_a_g0	16	16	.BGOSW	piccolo
piccolo_ui_walk_a_g1	16	16	.BGOSW	piccolo
piccolo_ui_walk_a_g3	16	16	.BGOSW	piccolo
piccolo_ui_walk_a_g4	16	16	.BGOSW	piccolo
piccolo_ui_walk_b	16	16	.BGOSW	piccolo
piccolo_ui_walk_b_g0	16	16	.BGOSW	piccolo
piccolo_ui_walk_b_g1	16	16	.BGOSW	piccolo
piccolo_ui_walk_b_g3	16	16	.BGOSW	piccolo
piccolo_ui_walk_b_g4	16	16	.BGOSW	piccolo
vegeta_adult_ace_climb_a	16	16	.BKOSW	vegeta
vegeta_adult_ace_climb_a_g0	16	16	.BKOSW	vegeta
vegeta_adult_ace_climb_a_g1	16	16	.BKOSW	vegeta
vegeta_adult_ace_climb_a_g3	16	16	.BKOSW	vegeta
vegeta_adult_ace_climb_a_g4	16	16	.BKOSW	vegeta
vegeta_adult_ace_climb_b	16	16	.BKOSW	vegeta
vegeta_adult_ace_climb_b_g0	16	16	.BKOSW	vegeta
vegeta_adult_ace_climb_b_g1	16	16	.BKOSW	vegeta
vegeta_adult_ace_climb_b_g3	16	16	.BKOSW	vegeta
vegeta_adult_ace_climb_b_g4	16	16	.BKOSW	vegeta
vegeta_adult_ace_eat_a	16	16	.BKMOSWX	vegeta
vegeta_adult_ace_eat_a_g0	16	16	.BKMOSWX	vegeta
vegeta_adult_ace_eat_a_g1	16	16	.BKMOSWX	vegeta
vegeta_adult_ace_eat_a_g3	16	16	.BKMOSWX	vegeta
vegeta_adult_ace_eat_a_g4	16	16	.BKMOSWX	vegeta
vegeta_adult_ace_eat_b	16	16	.BKMOSWX	vegeta
vegeta_adult_ace_eat_b_g0	16	16	.BKMOSWX	vegeta
vegeta_adult_ace_eat_b_g1	16	16	.BKMOSWX	vegeta
vegeta_adult_ace_eat_b_g3	16	16	.BKMOSWX	vegeta
vegeta_adult_ace_eat_b_g4	16	16	.BKMOSWX	vegeta
vegeta_adult_ace_idle_a	16	16	.BKOSW	vegeta
vegeta_adult_ace_idle_a_g0	16	16	.BKOSW	vegeta
vegeta_adult_ace_idle_a_g1	16	16	.BKOSW	vegeta
vegeta_adult_ace_idle_a_g3	16	16	.BKOSW	vegeta
vegeta_adult_ace_idle_a_g4	16	16	.BKOSW	vegeta
vegeta_adult_ace_idle_b	16	16	.BKOSW	vegeta
vegeta_adult_ace_idle_b_g0	16	16	.BKOSW	vegeta
vegeta_adult_ace_idle_b_g1	16	16	.BKOSW	vegeta
vegeta_adult_ace_idle_b_g3	16	16	.BKOSW	vegeta
vegeta_adult_ace_idle_b_g4	16	16	.BKOSW	vegeta
vegeta_adult_ace_sleep_a	16	16	.BKMOSW	vegeta
vegeta_adult_ace_sleep_a_g0	16	16	.BKMOSW	vegeta
vegeta_adult_ace_sleep_a_g1	16	16	.BKMOSW	vegeta
vegeta_adult_ace_sleep_a_g3	16	16	.BKMOSW	vegeta
vegeta_adult_ace_sleep_a_g4	16	16	.BKMOSW	vegeta
vegeta_adult_ace_sleep_b	16	16	.BKMOSW	vegeta
vegeta_adult_ace_sleep_b_g0	16	16	.BKMOSW	vegeta
vegeta_adult_ace_sleep_b_g1	16	16	.BKMOSW	vegeta
vegeta_adult_ace_sleep_b_g3	16	16	.BKMOSW	vegeta
vegeta_adult_ace_sleep_b_g4	16	16	.BKMOSW	vegeta
vegeta_adult_ace_walk_a	16	16	.BKOSW	vegeta
vegeta_adult_ace_walk_a_g0	16	16	.BKOSW	vegeta
vegeta_adult_ace_walk_a_g1	16	16	.BKOSW	vegeta
vegeta_adult_ace_walk_a_g3	16	16	.BKOSW	vegeta
vegeta_adult_ace_walk_a_g4	16	16	.BKOSW	vegeta
vegeta_adult_ace_walk_b	16	16	.BKOSW	vegeta
vegeta_adult_ace_walk_b_g0	16	16	.BKOSW	vegeta
vegeta_adult_ace_walk_b_g1	16	16	.BKOSW	vegeta
vegeta_adult_ace_walk_b_g3	16	16	.BKOSW	vegeta
vegeta_adult_ace_walk_b_g4	16	16	.BKOSW	vegeta
vegeta_adult_gremlin_climb_a	16	16	.BKORSW	vegeta
vegeta_adult_gremlin_climb_a_g0	16	16	.BKORSW	vegeta
vegeta_adult_gremlin_climb_a_g1	16	16	.BKORSW	vegeta
vegeta_adult_gremlin_climb_a_g3	16	16	.BKORSW	vegeta
vegeta_adult_gremlin_climb_a_g4	16	16	.BKORSW	vegeta
vegeta_adult_gremlin_climb_b	16	16	.BKORSW	vegeta
vegeta_adult_gremlin_climb_b_g0	16	16	.BKORSW	vegeta
vegeta_adult_gremlin_climb_b_g1	16	16	.BKORSW	vegeta
vegeta_adult_gremlin_climb_b_g3	16	16	.BKORSW	vegeta
vegeta_adult_gremlin_climb_b_g4	16	16	.BKORSW	vegeta
vegeta_adult_gremlin_eat_a	16	16	.BKMORSWX	vegeta
vegeta_adult_gremlin_eat_a_g0	16	16	.BKMORSWX	vegeta
vegeta_adult_gremlin_eat_a_g1	16	16	.BKMORSWX	vegeta
vegeta_adult_gremlin_eat_a_g3	16	16	.BKMORSWX	vegeta
vegeta_adult_gremlin_eat_a_g4	16	16	.BKMORSWX	vegeta
vegeta_adult_gremlin_eat_b	16	16	.BKMORSWX	vegeta
vegeta_adult_gremlin_eat_b_g0	16	16	.BKMORSWX	vegeta
vegeta_adult_gremlin_eat_b_g1	16	16	.BKMORSWX	vegeta
vegeta_adult_gremlin_eat_b_g3	16	16	.BKMORSWX	vegeta
vegeta_adult_gremlin_eat_b_g4	16	16	.BKMORSWX	vegeta
vegeta_adult_gremlin_idle_a	16	16	.BKORSW	vegeta
vegeta_adult_gremlin_idle_a_g0	16	16	.BKORSW	vegeta
vegeta_adult_gremlin_idle_a_g1	16	16	.BKORSW	vegeta
vegeta_adult_gremlin_idle_a_g3	16	16	.BKORSW	vegeta
vegeta_adult_gremlin_idle_a_g4	16	16	.BKORSW	vegeta
vegeta_adult_gremlin_idle_b	16	16	.BKORSW	vegeta
vegeta_adult_gremlin_idle_b_g0	16	16	.BKORSW	vegeta
vegeta_adult_gremlin_idle_b_g1	16	16	.BKORSW	vegeta
vegeta_adult_gremlin_idle_b_g3	16	16	.BKORSW	vegeta
vegeta_adult_gremlin_idle_b_g4	16	16	.BKORSW	vegeta
vegeta_adult_gremlin_sleep_a	16	16	.BKORSW	vegeta
vegeta_adult_gremlin_sleep_a_g0	16	16	.BKORSW	vegeta
vegeta_adult_gremlin_sleep_a_g1	16	16	.BKORSW	vegeta
vegeta_adult_gremlin_sleep_a_g3	16	16	.BKORSW	vegeta
vegeta_adult_gremlin_sleep_a_g4	16	16	.BKORSW	vegeta
vegeta_adult_gremlin_sleep_b	16	16	.BKORSW	vegeta
vegeta_adult_gremlin_sleep_b_g0	16	16	.BKORSW	vegeta
vegeta_adult_gremlin_sleep_b_g1	16	16	.BKORSW	vegeta
vegeta_adult_gremlin_sleep_b_g3	16	16	.BKORSW	vegeta
vegeta_adult_gremlin_sleep_b_g4	16	16	.BKORSW	vegeta
vegeta_adult_gremlin_walk_a	16	16	.BKORSW	vegeta
vegeta_adult_gremlin_walk_a_g0	16	16	.BKORSW	vegeta
vegeta_adult_gremlin_walk_a_g1	16	16	.BKORSW	vegeta
vegeta_adult_gremlin_walk_a_g3	16	16	.BKORSW	vegeta
vegeta_adult_gremlin_walk_a_g4	16	16	.BKORSW	vegeta
vegeta_adult_gremlin_walk_b	16	16	.BKORSW	vegeta
vegeta_adult_gremlin_walk_b_g0	16	16	.BKORSW	vegeta
vegeta_adult_gremlin_walk_b_g1	16	16	.BKORSW	vegeta
vegeta_adult_gremlin_walk_b_g3	16	16	.BKORSW	vegeta
vegeta_adult_gremlin_walk_b_g4	16	16	.BKORSW	vegeta
vegeta_adult_ok_climb_a	16	16	.BDKPSW	vegeta
vegeta_adult_ok_climb_a_g0	16	16	.BDKPSW	vegeta
vegeta_adult_ok_climb_a_g1	16	16	.BDKPSW	vegeta
vegeta_adult_ok_climb_a_g3	16	16	.BDKPSW	vegeta
vegeta_adult_ok_climb_a_g4	16	16	.BDKPSW	vegeta
vegeta_adult_ok_climb_b	16	16	.BDKPSW	vegeta
vegeta_adult_ok_climb_b_g0	16	16	.BDKPSW	vegeta
vegeta_adult_ok_climb_b_g1	16	16	.BDKPSW	vegeta
vegeta_adult_ok_climb_b_g3	16	16	.BDKPSW	vegeta
vegeta_adult_ok_climb_b_g4	16	16	.BDKPSW	vegeta
vegeta_adult_ok_eat_a	16	16	.BDKMPSWX	vegeta
vegeta_adult_ok_eat_a_g0	16	16	.BDKMPSWX	vegeta
vegeta_adult_ok_eat_a_g1	16	16	.BDKMPSWX	vegeta
vegeta_adult_ok_eat_a_g3	16	16	.BDKMPSWX	vegeta
vegeta_adult_ok_eat_a_g4	16	16	.BDKMPSWX	vegeta
vegeta_adult_ok_eat_b	16	16	.BDKMPSWX	vegeta
vegeta_adult_ok_eat_b_g0	16	16	.BDKMPSWX	vegeta
vegeta_adult_ok_eat_b_g1	16	16	.BDKMPSWX	vegeta
vegeta_adult_ok_eat_b_g3	16	16	.BDKMPSWX	vegeta
vegeta_adult_ok_eat_b_g4	16	16	.BDKMPSWX	vegeta
vegeta_adult_ok_idle_a	16	16	.BDKPSW	vegeta
vegeta_adult_ok_idle_a_g0	16	16	.BDKPSW	vegeta
vegeta_adult_ok_idle_a_g1	16	16	.BDKPSW	vegeta
vegeta_adult_ok_idle_a_g3	16	16	.BDKPSW	vegeta
vegeta_adult_ok_idle_a_g4	16	16	.BDKPSW	vegeta
vegeta_adult_ok_idle_b	16	16	.BDKPSW	vegeta
vegeta_adult_ok_idle_b_g0	16	16	.BDKPSW	vegeta
vegeta_adult_ok_idle_b_g1	16	16	.BDKPSW	vegeta
vegeta_adult_ok_idle_b_g3	16	16	.BDKPSW	vegeta
vegeta_adult_ok_idle_b_g4	16	16	.BDKPSW	vegeta
vegeta_adult_ok_sleep_a	16	16	.BDKMOPSW	vegeta
vegeta_adult_ok_sleep_a_g0	16	16	.BDKMOPSW	vegeta
vegeta_adult_ok_sleep_a_g1	16	16	.BDKMOPSW	vegeta
vegeta_adult_ok_sleep_a_g3	16	16	.BDKMOPSW	vegeta
vegeta_adult_ok_sleep_a_g4	16	16	.BDKMOPSW	vegeta
vegeta_adult_ok_sleep_b	16	16	.BDKMOPSW	vegeta
vegeta_adult_ok_sleep_b_g0	16	16	.BDKMOPSW	vegeta
vegeta_adult_ok_sleep_b_g1	16	16	.BDKMOPSW	vegeta
vegeta_adult_ok_sleep_b_g3	16	16	.BDKMOPSW	vegeta
vegeta_adult_ok_sleep_b_g4	16	16	.BDKMOPSW	vegeta
vegeta_adult_ok_walk_a	16	16	.BDKPSW	vegeta
vegeta_adult_ok_walk_a_g0	16	16	.BDKPSW	vegeta
vegeta_adult_ok_walk_a_g1	16	16	.BDKPSW	vegeta
vegeta_adult_ok_walk_a_g3	16	16	.BDKPSW	vegeta
vegeta_adult_ok_walk_a_g4	16	16	.BDKPSW	vegeta
vegeta_adult_ok_walk_b	16	16	.BDKPSW	vegeta
vegeta_adult_ok_walk_b_g0	16	16	.BDKPSW	vegeta
vegeta_adult_ok_walk_b_g1	16	16	.BDKPSW	vegeta
vegeta_adult_ok_walk_b_g3	16	16	.BDKPSW	vegeta
vegeta_adult_ok_walk_b_g4	16	16	.BDKPSW	vegeta
vegeta_baby_eat_a	16	16	.KMOSWX	vegeta
vegeta_baby_eat_a_g0	16	16	.KMOSWX	vegeta
vegeta_baby_eat_a_g1	16	16	.KMOSWX	vegeta
vegeta_baby_eat_a_g3	16	16	.KMOSWX	vegeta
vegeta_baby_eat_a_g4	16	16	.KMOSWX	vegeta
vegeta_baby_eat_b	16	16	.KMOSWX	vegeta
vegeta_baby_eat_b_g0	16	16	.KMOSWX	vegeta
vegeta_baby_eat_b_g1	16	16	.KMOSWX	vegeta
vegeta_baby_eat_b_g3	16	16	.KMOSWX	vegeta
vegeta_baby_eat_b_g4	16	16	.KMOSWX	vegeta
vegeta_baby_idle_a	16	16	.BKNOSW	vegeta
vegeta_baby_idle_a_g0	16	16	.BKNOSW	vegeta
vegeta_baby_idle_a_g1	16	16	.BKNOSW	vegeta
vegeta_baby_idle_a_g3	16	16	.BKNOSW	vegeta
vegeta_baby_idle_a_g4	16	16	.BKNOSW	vegeta
vegeta_baby_idle_b	16	16	.BKNOSW	vegeta
vegeta_baby_idle_b_g0	16	16	.BKNOSW	vegeta
vegeta_baby_idle_b_g1	16	16	.BKNOSW	vegeta
vegeta_baby_idle_b_g3	16	16	.BKNOSW	vegeta
vegeta_baby_idle_b_g4	16	16	.BKNOSW	vegeta
vegeta_baby_sleep_a	16	16	.BKMNOSW	vegeta
vegeta_baby_sleep_a_g0	16	16	.BKMNOSW	vegeta
vegeta_baby_sleep_a_g1	16	16	.BKMNOSW	vegeta
vegeta_baby_sleep_a_g3	16	16	.BKMNOSW	vegeta
vegeta_baby_sleep_a_g4	16	16	.BKMNOSW	vegeta
vegeta_baby_sleep_b	16	16	.BKMNOSW	vegeta
vegeta_baby_sleep_b_g0	16	16	.BKMNOSW	vegeta
vegeta_baby_sleep_b_g1	16	16	.BKMNOSW	vegeta
vegeta_baby_sleep_b_g3	16	16	.BKMNOSW	vegeta
vegeta_baby_sleep_b_g4	16	16	.BKMNOSW	vegeta
vegeta_blue_idle_a	16	16	.BCKOSW	vegeta
vegeta_blue_idle_a_g0	16	16	.BCKOSW	vegeta
vegeta_blue_idle_a_g1	16	16	.BCKOSW	vegeta
vegeta_blue_idle_a_g3	16	16	.BCKOSW	vegeta
vegeta_blue_idle_a_g4	16	16	.BCKOSW	vegeta
vegeta_blue_idle_b	16	16	.BCKOSW	vegeta
vegeta_blue_idle_b_g0	16	16	.BCKOSW	vegeta
vegeta_blue_idle_b_g1	16	16	.BCKOSW	vegeta
vegeta_blue_idle_b_g3	16	16	.BCKOSW	vegeta
vegeta_blue_idle_b_g4	16	16	.BCKOSW	vegeta
vegeta_blue_walk_a	16	16	.BCKOSW	vegeta
vegeta_blue_walk_a_g0	16	16	.BCKOSW	vegeta
vegeta_blue_walk_a_g1	16	16	.BCKOSW	vegeta
vegeta_blue_walk_a_g3	16	16	.BCKOSW	vegeta
vegeta_blue_walk_a_g4	16	16	.BCKOSW	vegeta
vegeta_blue_walk_b	16	16	.BCKOSW	vegeta
vegeta_blue_walk_b_g0	16	16	.BCKOSW	vegeta
vegeta_blue_walk_b_g1	16	16	.BCKOSW	vegeta
vegeta_blue_walk_b_g3	16	16	.BCKOSW	vegeta
vegeta_blue_walk_b_g4	16	16	.BCKOSW	vegeta
vegeta_child_climb_a	16	16	.BKNOSW	vegeta
vegeta_child_climb_a_g0	16	16	.BKNOSW	vegeta
vegeta_child_climb_a_g1	16	16	.BKNOSW	vegeta
vegeta_child_climb_a_g3	16	16	.BKNOSW	vegeta
vegeta_child_climb_a_g4	16	16	.BKNOSW	vegeta
vegeta_child_climb_b	16	16	.BKNOSW	vegeta
vegeta_child_climb_b_g0	16	16	.BKNOSW	vegeta
vegeta_child_climb_b_g1	16	16	.BKNOSW	vegeta
vegeta_child_climb_b_g3	16	16	.BKNOSW	vegeta
vegeta_child_climb_b_g4	16	16	.BKNOSW	vegeta
vegeta_child_eat_a	16	16	.BKMOSWX	vegeta
vegeta_child_eat_a_g0	16	16	.BKMOSWX	vegeta
vegeta_child_eat_a_g1	16	16	.BKMOSWX	vegeta
vegeta_child_eat_a_g3	16	16	.BKMOSWX	vegeta
vegeta_child_eat_a_g4	16	16	.BKMOSWX	vegeta
vegeta_child_eat_b	16	16	.BKMOSWX	vegeta
vegeta_child_eat_b_g0	16	16	.BKMOSWX	vegeta
vegeta_child_eat_b_g1	16	16	.BKMOSWX	vegeta
vegeta_child_eat_b_g3	16	16	.BKMOSWX	vegeta
vegeta_child_eat_b_g4	16	16	.BKMOSWX	vegeta
vegeta_child_idle_a	16	16	.BKNOSW	vegeta
vegeta_child_idle_a_g0	16	16	.BKNOSW	vegeta
vegeta_child_idle_a_g1	16	16	.BKNOSW	vegeta
vegeta_child_idle_a_g3	16	16	.BKNOSW	vegeta
vegeta_child_idle_a_g4	16	16	.BKNOSW	vegeta
vegeta_child_idle_b	16	16	.BKNOSW	vegeta
vegeta_child_idle_b_g0	16	16	.BKNOSW	vegeta
vegeta_child_idle_b_g1	16	16	.BKNOSW	vegeta
vegeta_child_idle_b_g3	16	16	.BKNOSW	vegeta
vegeta_child_idle_b_g4	16	16	.BKNOSW	vegeta
vegeta_child_sleep_a	16	16	.BKMNOSW	vegeta
vegeta_child_sleep_a_g0	16	16	.BKMNOSW	vegeta
vegeta_child_sleep_a_g1	16	16	.BKMNOSW	vegeta
vegeta_child_sleep_a_g3	16	16	.BKMNOSW	vegeta
vegeta_child_sleep_a_g4	16	16	.BKMNOSW	vegeta
vegeta_child_sleep_b	16	16	.BKMNOSW	vegeta
vegeta_child_sleep_b_g0	16	16	.BKMNOSW	vegeta
vegeta_child_sleep_b_g1	16	16	.BKMNOSW	vegeta
vegeta_child_sleep_b_g3	16	16	.BKMNOSW	vegeta
vegeta_child_sleep_b_g4	16	16	.BKMNOSW	vegeta
vegeta_child_walk_a	16	16	.BKNOSW	vegeta
vegeta_child_walk_a_g0	16	16	.BKNOSW	vegeta
vegeta_child_walk_a_g1	16	16	.BKNOSW	vegeta
vegeta_child_walk_a_g3	16	16	.BKNOSW	vegeta
vegeta_child_walk_a_g4	16	16	.BKNOSW	vegeta
vegeta_child_walk_b	16	16	.BKNOSW	vegeta
vegeta_child_walk_b_g0	16	16	.BKNOSW	vegeta
vegeta_child_walk_b_g1	16	16	.BKNOSW	vegeta
vegeta_child_walk_b_g3	16	16	.BKNOSW	vegeta
vegeta_child_walk_b_g4	16	16	.BKNOSW	vegeta
vegeta_pod_idle_a	16	16	.DLMPRS	vegeta
vegeta_pod_idle_a_g0	16	16	.DLMPRS	vegeta
vegeta_pod_idle_a_g1	16	16	.DLMPRS	vegeta
vegeta_pod_idle_a_g3	16	16	.DLMPRS	vegeta
vegeta_pod_idle_a_g4	16	16	.DLMPRS	vegeta
vegeta_pod_idle_b	16	16	.DLMPRS	vegeta
vegeta_pod_idle_b_g0	16	16	.DLMPRS	vegeta
vegeta_pod_idle_b_g1	16	16	.DLMPRS	vegeta
vegeta_pod_idle_b_g3	16	16	.DLMPRS	vegeta
vegeta_pod_idle_b_g4	16	16	.DLMPRS	vegeta
vegeta_ssj_idle_a	16	16	.BKOSWY	vegeta
vegeta_ssj_idle_a_g0	16	16	.BKOSWY	vegeta
vegeta_ssj_idle_a_g1	16	16	.BKOSWY	vegeta
vegeta_ssj_idle_a_g3	16	16	.BKOSWY	vegeta
vegeta_ssj_idle_a_g4	16	16	.BKOSWY	vegeta
vegeta_ssj_idle_b	16	16	.BKOSWY	vegeta
vegeta_ssj_idle_b_g0	16	16	.BKOSWY	vegeta
vegeta_ssj_idle_b_g1	16	16	.BKOSWY	vegeta
vegeta_ssj_idle_b_g3	16	16	.BKOSWY	vegeta
vegeta_ssj_idle_b_g4	16	16	.BKOSWY	vegeta
vegeta_ssj_walk_a	16	16	.BKOSWY	vegeta
vegeta_ssj_walk_a_g0	16	16	.BKOSWY	vegeta
vegeta_ssj_walk_a_g1	16	16	.BKOSWY	vegeta
vegeta_ssj_walk_a_g3	16	16	.BKOSWY	vegeta
vegeta_ssj_walk_a_g4	16	16	.BKOSWY	vegeta
vegeta_ssj_walk_b	16	16	.BKOSWY	vegeta
vegeta_ssj_walk_b_g0	16	16	.BKOSWY	vegeta
vegeta_ssj_walk_b_g1	16	16	.BKOSWY	vegeta
vegeta_ssj_walk_b_g3	16	16	.BKOSWY	vegeta
vegeta_ssj_walk_b_g4	16	16	.BKOSWY	vegeta
vegeta_teen_neat_climb_a	16	16	.BKOSW	vegeta
vegeta_teen_neat_climb_a_g0	16	16	.BKOSW	vegeta
vegeta_teen_neat_climb_a_g1	16	16	.BKOSW	vegeta
vegeta_teen_neat_climb_a_g3	16	16	.BKOSW	vegeta
vegeta_teen_neat_climb_a_g4	16	16	.BKOSW	vegeta
vegeta_teen_neat_climb_b	16	16	.BKOSW	vegeta
vegeta_teen_neat_climb_b_g0	16	16	.BKOSW	vegeta
vegeta_teen_neat_climb_b_g1	16	16	.BKOSW	vegeta
vegeta_teen_neat_climb_b_g3	16	16	.BKOSW	vegeta
vegeta_teen_neat_climb_b_g4	16	16	.BKOSW	vegeta
vegeta_teen_neat_eat_a	16	16	.BKMOSWX	vegeta
vegeta_teen_neat_eat_a_g0	16	16	.BKMOSWX	vegeta
vegeta_teen_neat_eat_a_g1	16	16	.BKMOSWX	vegeta
vegeta_teen_neat_eat_a_g3	16	16	.BKMOSWX	vegeta
vegeta_teen_neat_eat_a_g4	16	16	.BKMOSWX	vegeta
vegeta_teen_neat_eat_b	16	16	.BKMOSWX	vegeta
vegeta_teen_neat_eat_b_g0	16	16	.BKMOSWX	vegeta
vegeta_teen_neat_eat_b_g1	16	16	.BKMOSWX	vegeta
vegeta_teen_neat_eat_b_g3	16	16	.BKMOSWX	vegeta
vegeta_teen_neat_eat_b_g4	16	16	.BKMOSWX	vegeta
vegeta_teen_neat_idle_a	16	16	.BKOSW	vegeta
vegeta_teen_neat_idle_a_g0	16	16	.BKOSW	vegeta
vegeta_teen_neat_idle_a_g1	16	16	.BKOSW	vegeta
vegeta_teen_neat_idle_a_g3	16	16	.BKOSW	vegeta
vegeta_teen_neat_idle_a_g4	16	16	.BKOSW	vegeta
vegeta_teen_neat_idle_b	16	16	.BKOSW	vegeta
vegeta_teen_neat_idle_b_g0	16	16	.BKOSW	vegeta
vegeta_teen_neat_idle_b_g1	16	16	.BKOSW	vegeta
vegeta_teen_neat_idle_b_g3	16	16	.BKOSW	vegeta
vegeta_teen_neat_idle_b_g4	16	16	.BKOSW	vegeta
vegeta_teen_neat_sleep_a	16	16	.BKMOSW	vegeta
vegeta_teen_neat_sleep_a_g0	16	16	.BKMOSW	vegeta
vegeta_teen_neat_sleep_a_g1	16	16	.BKMOSW	vegeta
vegeta_teen_neat_sleep_a_g3	16	16	.BKMOSW	vegeta
vegeta_teen_neat_sleep_a_g4	16	16	.BKMOSW	vegeta
vegeta_teen_neat_sleep_b	16	16	.BKMOSW	vegeta
vegeta_teen_neat_sleep_b_g0	16	16	.BKMOSW	vegeta
vegeta_teen_neat_sleep_b_g1	16	16	.BKMOSW	vegeta
vegeta_teen_neat_sleep_b_g3	16	16	.BKMOSW	vegeta
vegeta_teen_neat_sleep_b_g4	16	16	.BKMOSW	vegeta
vegeta_teen_neat_walk_a	16	16	.BKOSW	vegeta
vegeta_teen_neat_walk_a_g0	16	16	.BKOSW	vegeta
vegeta_teen_neat_walk_a_g1	16	16	.BKOSW	vegeta
vegeta_teen_neat_walk_a_g3	16	16	.BKOSW	vegeta
vegeta_teen_neat_walk_a_g4	16	16	.BKOSW	vegeta
vegeta_teen_neat_walk_b	16	16	.BKOSW	vegeta
vegeta_teen_neat_walk_b_g0	16	16	.BKOSW	vegeta
vegeta_teen_neat_walk_b_g1	16	16	.BKOSW	vegeta
vegeta_teen_neat_walk_b_g3	16	16	.BKOSW	vegeta
vegeta_teen_neat_walk_b_g4	16	16	.BKOSW	vegeta
vegeta_teen_scruffy_climb_a	16	16	.DPS	vegeta
vegeta_teen_scruffy_climb_a_g0	16	16	.DPS	vegeta
vegeta_teen_scruffy_climb_a_g1	16	16	.DPS	vegeta
vegeta_teen_scruffy_climb_a_g3	16	16	.DPS	vegeta
vegeta_teen_scruffy_climb_a_g4	16	16	.DPS	vegeta
vegeta_teen_scruffy_climb_b	16	16	.DPS	vegeta
vegeta_teen_scruffy_climb_b_g0	16	16	.DPS	vegeta
vegeta_teen_scruffy_climb_b_g1	16	16	.DPS	vegeta
vegeta_teen_scruffy_climb_b_g3	16	16	.DPS	vegeta
vegeta_teen_scruffy_climb_b_g4	16	16	.DPS	vegeta
vegeta_teen_scruffy_eat_a	16	16	.DMPSX	vegeta
vegeta_teen_scruffy_eat_a_g0	16	16	.DMPSX	vegeta
vegeta_teen_scruffy_eat_a_g1	16	16	.DMPSX	vegeta
vegeta_teen_scruffy_eat_a_g3	16	16	.DMPSX	vegeta
vegeta_teen_scruffy_eat_a_g4	16	16	.DMPSX	vegeta
vegeta_teen_scruffy_eat_b	16	16	.DMPSX	vegeta
vegeta_teen_scruffy_eat_b_g0	16	16	.DMPSX	vegeta
vegeta_teen_scruffy_eat_b_g1	16	16	.DMPSX	vegeta
vegeta_teen_scruffy_eat_b_g3	16	16	.DMPSX	vegeta
vegeta_teen_scruffy_eat_b_g4	16	16	.DMPSX	vegeta
vegeta_teen_scruffy_idle_a	16	16	.DPS	vegeta
vegeta_teen_scruffy_idle_a_g0	16	16	.DPS	vegeta
vegeta_teen_scruffy_idle_a_g1	16	16	.DPS	vegeta
vegeta_teen_scruffy_idle_a_g3	16	16	.DPS	vegeta
vegeta_teen_scruffy_idle_a_g4	16	16	.DPS	vegeta
vegeta_teen_scruffy_idle_b	16	16	.DPS	vegeta
vegeta_teen_scruffy_idle_b_g0	16	16	.DPS	vegeta
vegeta_teen_scruffy_idle_b_g1	16	16	.DPS	vegeta
vegeta_teen_scruffy_idle_b_g3	16	16	.DPS	vegeta
vegeta_teen_scruffy_idle_b_g4	16	16	.DPS	vegeta
vegeta_teen_scruffy_sleep_a	16	16	.DMPS	vegeta
vegeta_teen_scruffy_sleep_a_g0	16	16	.DMPS	vegeta
vegeta_teen_scruffy_sleep_a_g1	16	16	.DMPS	vegeta
vegeta_teen_scruffy_sleep_a_g3	16	16	.DMPS	vegeta
vegeta_teen_scruffy_sleep_a_g4	16	16	.DMPS	vegeta
vegeta_teen_scruffy_sleep_b	16	16	.DMPS	vegeta
vegeta_teen_scruffy_sleep_b_g0	16	16	.DMPS	vegeta
vegeta_teen_scruffy_sleep_b_g1	16	16	.DMPS	vegeta
vegeta_teen_scruffy_sleep_b_g3	16	16	.DMPS	vegeta
vegeta_teen_scruffy_sleep_b_g4	16	16	.DMPS	vegeta
vegeta_teen_scruffy_walk_a	16	16	.DPS	vegeta
vegeta_teen_scruffy_walk_a_g0	16	16	.DPS	vegeta
vegeta_teen_scruffy_walk_a_g1	16	16	.DPS	vegeta
vegeta_teen_scruffy_walk_a_g3	16	16	.DPS	vegeta
vegeta_teen_scruffy_walk_a_g4	16	16	.DPS	vegeta
vegeta_teen_scruffy_walk_b	16	16	.DPS	vegeta
vegeta_teen_scruffy_walk_b_g0	16	16	.DPS	vegeta
vegeta_teen_scruffy_walk_b_g1	16	16	.DPS	vegeta
vegeta_teen_scruffy_walk_b_g3	16	16	.DPS	vegeta
vegeta_teen_scruffy_walk_b_g4	16	16	.DPS	vegeta
vegeta_ui_idle_a	16	16	.BGKOSW	vegeta
vegeta_ui_idle_a_g0	16	16	.BGKOSW	vegeta
vegeta_ui_idle_a_g1	16	16	.BGKOSW	vegeta
vegeta_ui_idle_a_g3	16	16	.BGKOSW	vegeta
vegeta_ui_idle_a_g4	16	16	.BGKOSW	vegeta
vegeta_ui_idle_b	16	16	.BGKOSW	vegeta
vegeta_ui_idle_b_g0	16	16	.BGKOSW	vegeta
vegeta_ui_idle_b_g1	16	16	.BGKOSW	vegeta
vegeta_ui_idle_b_g3	16	16	.BGKOSW	vegeta
vegeta_ui_idle_b_g4	16	16	.BGKOSW	vegeta
vegeta_ui_walk_a	16	16	.BGKOSW	vegeta
vegeta_ui_walk_a_g0	16	16	.BGKOSW	vegeta
vegeta_ui_walk_a_g1	16	16	.BGKOSW	vegeta
vegeta_ui_walk_a_g3	16	16	.BGKOSW	vegeta
vegeta_ui_walk_a_g4	16	16	.BGKOSW	vegeta
vegeta_ui_walk_b	16	16	.BGKOSW	vegeta
vegeta_ui_walk_b_g0	16	16	.BGKOSW	vegeta
vegeta_ui_walk_b_g1	16	16	.BGKOSW	vegeta
vegeta_ui_walk_b_g3	16	16	.BGKOSW	vegeta
vegeta_ui_walk_b_g4	16	16	.BGKOSW	vegeta
